merchant_id,total_brl,media_brl,n_transacoes,n_cross_border,n_chargebacks
M200000,242940.58,5168.95,47,0,1
M200001,184442.94,4098.73,45,0,0
M200002,163987.87,3644.17,45,0,1
M200003,191999.9,5647.06,34,0,1
M200004,175479.55,3440.78,51,0,0
M200005,116926.53,3247.96,36,36,1
M200006,179398.76,4077.24,44,44,1
M200007,170575.73,4873.59,35,0,1
M200008,169322.55,4576.29,37,0,1
M200009,124889.92,3202.31,39,0,1
M200010,131873.77,3564.16,37,0,0
M200011,137519.93,3056.0,45,0,1
M200012,132937.86,3692.72,36,0,0
M200013,63170.13,2429.62,26,0,0
M200014,136395.09,3326.71,41,0,1
M200015,122991.03,3843.47,32,32,0
M200016,192257.71,5340.49,36,0,0
M200017,171075.5,4887.87,35,0,0
M200018,201281.64,3797.77,53,0,2
M200019,175789.23,4287.54,41,0,1
M200020,222643.07,5430.32,41,0,1
M200021,138731.02,2774.62,50,0,1
M200022,185323.92,4412.47,42,0,2
M200023,199892.73,4997.32,40,0,1
M200024,164769.77,4453.24,37,0,1
M200025,108977.74,3205.23,34,0,0
M200026,156844.81,3825.48,41,0,1
M200027,147938.28,3793.29,39,0,1
M200028,156292.27,4884.13,32,0,0
M200029,154918.64,3872.97,40,0,0
M200030,157345.23,4140.66,38,0,1
M200031,229812.82,6566.08,35,0,1
M200032,125236.9,3913.65,32,0,1
M200033,219046.47,6084.62,36,0,0
M200034,152356.92,3808.92,40,0,1
M200035,163112.58,4660.36,35,0,0
M200036,215733.73,5677.2,38,0,2
M200037,286000.77,6355.57,45,0,1
M200038,189306.49,4617.23,41,41,1
M200039,141522.2,3628.77,39,0,0
M200040,130859.23,3271.48,40,0,0
M200041,222522.45,6544.78,34,0,0
M200042,126503.52,3720.69,34,0,1
M200043,165253.34,4030.57,41,0,0
M200044,127571.94,3271.08,39,0,1
M200045,157624.84,3582.38,44,0,1
M200046,164765.17,4224.75,39,39,1
M200047,145448.09,4691.87,31,0,0
M200048,181335.86,4422.83,41,0,1
M200049,166826.73,4766.48,35,35,0
M200050,106495.24,3944.27,27,0,0
M200051,158623.93,3776.76,42,0,1
M200052,183531.59,5735.36,32,0,1
M200053,255668.05,5326.42,48,48,0
M200054,176838.07,3762.51,47,0,0
M200055,234760.38,5589.53,42,42,1
M200056,165727.41,4874.34,34,34,2
M200057,122664.63,3717.11,33,0,2
M200058,170594.07,5017.47,34,0,0
M200059,217667.15,5182.55,42,0,0
M200060,168406.92,4551.54,37,0,0
M200061,162646.86,4395.86,37,0,1
M200062,111396.32,3713.21,30,0,1
M200063,161942.45,4261.64,38,0,0
M200064,167651.65,3991.71,42,0,1
M200065,178906.8,4363.58,41,0,1
M200066,340471.73,11349.06,30,30,2
M200067,157999.71,3949.99,40,40,0
M200068,167481.29,3489.19,48,0,4
M200069,105027.71,3750.99,28,0,2
M200070,120457.12,4461.37,27,0,1
M200071,163293.28,4802.74,34,0,1
M200072,189910.7,4521.68,42,0,0
M200073,111548.78,2860.23,39,0,4
M200074,130920.43,3356.93,39,0,0
M200075,203041.25,3760.02,54,0,1
M200076,199032.7,4738.87,42,0,0
M200077,118866.69,4754.67,25,0,0
M200078,158713.73,4959.8,32,32,1
M200079,195574.66,4251.62,46,0,0
M200080,206579.77,4694.99,44,0,0
M200081,174972.33,3976.64,44,0,0
M200082,180264.06,4506.6,40,0,2
M200083,119972.17,4136.97,29,0,1
M200084,239301.97,4786.04,50,0,1
M200085,177776.65,4134.34,43,0,1
M200086,232366.8,6114.92,38,38,1
M200087,175106.64,5472.08,32,0,1
M200088,174706.53,4721.8,37,0,1
M200089,140642.94,3906.75,36,0,1
M200090,109247.07,4749.87,23,0,0
M200091,178821.73,4585.17,39,0,1
M200092,118518.46,3118.91,38,0,1
M200093,134085.37,4788.76,28,0,2
M200094,166289.4,3538.07,47,0,1
M200095,157767.8,4780.84,33,33,3
M200096,251775.8,5356.93,47,0,2
M200097,132797.79,3589.13,37,0,0
M200098,62705.21,2850.24,22,0,0
M200099,188291.85,4279.36,44,0,1
M200100,167903.26,3815.98,44,0,0
M200101,182762.53,4809.54,38,0,4
M200102,116515.98,4017.79,29,0,1
M200103,165964.09,3859.63,43,43,0
M200104,121374.92,3034.37,40,0,0
M200105,197302.51,4697.68,42,42,0
M200106,107692.28,3076.92,35,35,1
M200107,230989.38,5922.8,39,0,1
M200108,221201.44,4706.41,47,0,0
M200109,131328.09,3648.0,36,0,0
M200110,228097.53,4472.5,51,51,2
M200111,158953.5,5481.16,29,0,0
M200112,142022.06,4438.19,32,0,0
M200113,151963.51,4469.52,34,34,1
M200114,176728.46,5355.41,33,0,1
M200115,133303.42,4760.84,28,0,0
M200116,144123.03,4003.42,36,0,1
M200117,143323.62,4478.86,32,0,3
M200118,167911.89,4664.22,36,0,1
M200119,192531.74,5348.1,36,0,1
M200120,148315.11,4634.85,32,0,0
M200121,112864.71,3135.13,36,0,1
M200122,199059.26,4855.1,41,0,2
M200123,197287.61,5191.78,38,0,1
M200124,142856.07,4081.6,35,0,1
M200125,146285.19,4179.58,35,0,1
M200126,141379.34,3448.28,41,0,0
M200127,247453.94,4852.04,51,0,3
M200128,105309.76,3761.06,28,0,0
M200129,104861.3,3382.62,31,0,1
M200130,196475.0,4677.98,42,0,3
M200131,154203.41,3761.06,41,41,0
M200132,162552.7,4393.32,37,0,1
M200133,172340.88,4308.52,40,0,1
M200134,187819.3,4367.89,43,43,1
M200135,231035.79,5022.52,46,0,3
M200136,179515.93,5279.88,34,0,1
M200137,196772.17,4576.1,43,0,0
M200138,183348.32,3741.8,49,0,2
M200139,241194.39,4922.33,49,0,0
M200140,135691.85,3990.94,34,0,1
M200141,263428.86,4878.31,54,0,2
M200142,231408.06,4923.58,47,0,1
M200143,280285.34,4832.51,58,58,3
M200144,160236.32,3483.4,46,0,1
M200145,227189.86,5409.28,42,0,1
M200146,138269.12,3072.65,45,0,1
M200147,157395.45,4141.99,38,0,1
M200148,114949.08,3193.03,36,0,1
M200149,121201.87,3909.74,31,0,1
M200150,143300.38,3582.51,40,0,1
M200151,282655.21,6573.38,43,0,0
M200152,125184.51,3793.47,33,0,0
M200153,153924.03,4810.13,32,0,1
M200154,134857.84,3966.41,34,0,1
M200155,152106.93,4473.73,34,34,0
M200156,157643.87,3582.82,44,0,0
M200157,270338.59,6007.52,45,0,1
M200158,314924.89,8287.5,38,0,0
M200159,151292.2,4202.56,36,36,0
M200160,140455.21,4131.04,34,0,1
M200161,136019.58,3676.2,37,0,1
M200162,223241.56,4960.92,45,45,0
M200163,159254.7,4304.18,37,0,1
M200164,81233.53,2538.55,32,0,0
M200165,100204.51,3455.33,29,0,0
M200166,162399.85,3866.66,42,42,0
M200167,139299.62,3316.66,42,42,0
M200168,200423.26,4357.03,46,0,0
M200169,257030.79,5354.81,48,0,0
M200170,193673.88,4401.68,44,0,1
M200171,147564.57,4099.02,36,0,0
M200172,164483.55,6091.98,27,0,0
M200173,223152.01,5721.85,39,0,0
M200174,104982.02,3181.27,33,0,1
M200175,221008.5,4604.34,48,48,3
M200176,195999.66,5025.63,39,39,0
M200177,265432.25,5898.49,45,0,1
M200178,151160.07,3686.83,41,0,0
M200179,107111.64,3150.34,34,0,0
M200180,198400.49,4723.82,42,42,0
M200181,185259.25,4410.93,42,0,1
M200182,152866.99,4246.31,36,0,0
M200183,146370.49,4182.01,35,0,0
M200184,139325.69,3765.56,37,0,3
M200185,124285.42,3031.35,41,0,1
M200186,160581.3,3916.62,41,0,0
M200187,200755.97,4271.4,47,0,2
M200188,102682.26,3667.22,28,0,0
M200189,228705.87,5864.25,39,0,2
M200190,97395.52,3043.61,32,32,2
M200191,228338.67,6523.96,35,0,0
M200192,183660.46,4372.87,42,42,0
M200193,220287.14,6479.03,34,0,1
M200194,116763.66,3538.29,33,0,0
M200195,138723.01,3468.08,40,0,0
M200196,123862.77,3259.55,38,38,1
M200197,188939.88,4294.09,44,0,0
M200198,191605.95,4257.91,45,0,0
M200199,184768.66,4296.95,43,0,0
M200200,139395.39,3484.88,40,40,0
M200201,187217.9,4800.46,39,0,2
M200202,147306.55,4332.55,34,34,1
M200203,136544.92,4137.72,33,0,1
M200204,118624.13,3707.0,32,0,1
M200205,191809.87,5328.05,36,0,0
M200206,171851.86,4910.05,35,35,0
M200207,182760.79,4569.02,40,0,0
M200208,151705.67,4214.05,36,0,1
M200209,211247.71,5029.71,42,0,1
M200210,202357.83,5951.7,34,34,1
M200211,117657.16,3179.92,37,0,0
M200212,276367.99,6141.51,45,45,0
M200213,171443.99,4898.4,35,0,1
M200214,132332.48,3150.77,42,0,0
M200215,183438.01,5558.73,33,0,2
M200216,172701.79,5233.39,33,0,0
M200217,216495.41,4920.35,44,0,1
M200218,188429.72,6497.58,29,0,0
M200219,183087.87,4577.2,40,0,0
M200220,125987.18,4499.54,28,0,2
M200221,126858.18,3252.77,39,39,3
M200222,121472.24,2760.73,44,0,0
M200223,194805.89,4995.02,39,0,1
M200224,195175.01,3548.64,55,0,0
M200225,200869.71,4273.82,47,0,0
M200226,258124.97,6453.12,40,40,0
M200227,206567.06,4490.59,46,46,0
M200228,101328.18,3377.61,30,0,1
M200229,143453.09,3775.08,38,38,2
M200230,232481.9,4470.81,52,0,0
M200231,198916.9,4324.28,46,46,1
M200232,152948.31,4933.82,31,0,0
M200233,143102.2,3669.29,39,0,2
M200234,217687.14,5442.18,40,40,1
M200235,170953.96,5514.64,31,0,0
M200236,146600.21,5235.72,28,28,0
M200237,206255.32,5030.62,41,41,1
M200238,120377.55,4012.58,30,0,0
M200239,136492.86,4136.15,33,0,1
M200240,209360.07,4361.67,48,0,3
M200241,192901.91,4486.09,43,0,1
M200242,169582.19,4583.3,37,0,2
M200243,175917.87,4886.61,36,0,1
M200244,131203.37,3644.54,36,0,0
M200245,165322.55,4032.26,41,0,1
M200246,162531.2,4167.47,39,0,2
M200247,234924.18,6349.3,37,0,1
M200248,72445.52,2683.17,27,27,0
M200249,182847.6,5224.22,35,0,1
M200250,179224.51,4978.46,36,0,1
M200251,168386.2,3436.45,49,0,1
M200252,210025.24,6000.72,35,35,0
M200253,280453.95,5609.08,50,50,0
M200254,140079.25,3112.87,45,0,1
M200255,212419.32,6069.12,35,0,0
M200256,147933.72,4109.27,36,0,1
M200257,162889.32,4176.65,39,39,1
M200258,127300.27,3637.15,35,0,1
M200259,170242.99,4256.07,40,0,0
M200260,182143.61,4336.75,42,42,0
M200261,172028.74,4410.99,39,0,1
M200262,128424.77,3567.35,36,0,0
M200263,183614.46,3991.62,46,0,0
M200264,167975.3,4940.45,34,0,0
M200265,175281.3,4382.03,40,0,1
M200266,209616.68,6165.2,34,0,0
M200267,181504.87,4125.11,44,0,0
M200268,123634.26,3341.47,37,0,0
M200269,157505.04,3937.63,40,0,4
M200270,136316.36,3786.57,36,0,1
M200271,247209.11,4944.18,50,0,1
M200272,172915.81,5403.62,32,0,0
M200273,185567.69,5015.34,37,37,0
M200274,214277.3,5356.93,40,0,1
M200275,170413.49,4868.96,35,35,0
M200276,221964.17,5549.1,40,0,1
M200277,127124.4,3100.6,41,0,1
M200278,236327.52,5908.19,40,0,1
M200279,188388.29,5091.58,37,0,1
M200280,136749.69,4883.92,28,0,0
M200281,126295.4,3608.44,35,35,0
M200282,133504.77,3178.68,42,0,2
M200283,112996.57,4185.06,27,27,0
M200284,142085.35,4440.17,32,0,1
M200285,266678.93,6349.5,42,0,1
M200286,254932.0,5665.16,45,0,3
M200287,242279.64,5634.41,43,0,1
M200288,158064.43,4390.68,36,0,0
M200289,163110.6,3624.68,45,0,1
M200290,302374.06,6573.35,46,0,1
M200291,127522.93,3188.07,40,0,0
M200292,224220.75,5468.8,41,0,1
M200293,198280.94,5358.94,37,37,0
M200294,199616.05,4642.23,43,43,0
M200295,221920.68,5690.27,39,39,1
M200296,230233.43,6578.1,35,0,0
M200297,161687.14,5988.41,27,0,0
M200298,221038.37,5023.6,44,0,1
M200299,136271.99,3785.33,36,0,1
M200300,247381.55,5890.04,42,0,1
M200301,162662.15,4784.18,34,34,2
M200302,118688.26,2894.84,41,41,1
M200303,184983.02,4999.54,37,37,0
M200304,131051.31,3196.37,41,0,0
M200305,133737.01,3039.48,44,0,0
M200306,165165.76,4719.02,35,0,1
M200307,121045.36,3458.44,35,0,0
M200308,162778.24,3785.54,43,43,1
M200309,152400.89,3544.21,43,0,1
M200310,111272.8,3709.09,30,30,0
M200311,256520.13,5700.45,45,0,0
M200312,123180.49,3732.74,33,0,1
M200313,142559.26,4192.92,34,0,0
M200314,150220.49,3755.51,40,0,0
M200315,151772.25,4336.35,35,0,1
M200316,189315.78,4981.99,38,0,0
M200317,252250.18,6005.96,42,0,2
M200318,161556.34,4615.9,35,0,1
M200319,152839.25,3918.96,39,0,0
M200320,249681.77,5944.8,42,42,1
M200321,128874.03,3790.41,34,34,1
M200322,168437.84,3917.16,43,0,2
M200323,235966.63,4626.8,51,0,0
M200324,271143.78,4841.85,56,0,1
M200325,128761.32,3219.03,40,0,0
M200326,167635.1,4298.34,39,39,3
M200327,185967.27,4893.88,38,38,0
M200328,112940.21,2895.9,39,0,0
M200329,184941.76,4020.47,46,46,2
M200330,135379.68,3760.55,36,0,1
M200331,165643.5,5176.36,32,32,0
M200332,132633.33,3684.26,36,0,3
M200333,154853.91,3687.0,42,0,0
M200334,177171.24,3851.55,46,46,1
M200335,168653.54,5815.64,29,0,0
M200336,132412.35,3229.57,41,41,0
M200337,183630.56,4173.42,44,0,2
M200338,226533.47,4195.06,54,54,0
M200339,141133.98,3207.59,44,0,0
M200340,162183.43,3861.51,42,0,0
M200341,99323.8,3310.79,30,0,0
M200342,104972.93,3181.0,33,0,1
M200343,222657.36,4453.15,50,50,2
M200344,141680.85,3829.21,37,0,1
M200345,117834.17,4208.36,28,0,0
M200346,165199.01,3933.31,42,0,1
M200347,269327.46,5854.94,46,0,1
M200348,194790.74,5126.07,38,0,1
M200349,119855.79,3154.1,38,0,0
M200350,185694.96,4421.31,42,0,2
M200351,172785.08,3599.69,48,0,1
M200352,163569.89,4673.43,35,0,0
M200353,175316.19,4077.12,43,0,0
M200354,98464.29,3646.83,27,0,0
M200355,105091.64,2502.18,42,0,0
M200356,174979.35,4604.72,38,0,1
M200357,187528.39,4934.96,38,0,0
M200358,134964.22,3551.69,38,0,3
M200359,176753.67,4311.07,41,0,1
M200360,151509.04,4456.15,34,0,0
M200361,122528.5,3063.21,40,40,0
M200362,139494.7,4102.79,34,0,0
M200363,171099.18,3979.05,43,43,2
M200364,141570.55,4881.74,29,29,1
M200365,215951.55,4498.99,48,0,0
M200366,197592.45,4204.09,47,0,1
M200367,144528.88,4662.22,31,0,1
M200368,212336.91,4616.02,46,46,0
M200369,237550.15,4948.96,48,0,2
M200370,220565.9,4692.89,47,0,0
M200371,218333.81,5598.3,39,0,0
M200372,92587.92,2805.69,33,33,0
M200373,133664.95,3260.12,41,0,2
M200374,104402.68,3070.67,34,34,0
M200375,173909.06,3864.65,45,0,0
M200376,224652.15,5479.32,41,41,1
M200377,163951.59,4431.12,37,37,1
M200378,147541.68,3278.7,45,0,1
M200379,170275.81,4153.07,41,0,0
M200380,229224.25,4877.11,47,0,3
M200381,217099.48,4719.55,46,0,2
M200382,152491.08,3630.74,42,0,0
M200383,256305.97,5126.12,50,50,1
M200384,202644.67,4942.55,41,41,1
M200385,235215.08,4055.43,58,0,2
M200386,86100.51,2870.02,30,30,1
M200387,106077.3,2866.95,37,37,0
M200388,162611.01,3459.81,47,47,3
M200389,122836.44,3149.65,39,0,0
M200390,144120.98,4003.36,36,36,1
M200391,174081.67,3956.4,44,0,0
M200392,172036.23,3739.92,46,0,1
M200393,200162.98,5409.81,37,0,2
M200394,134258.67,3533.12,38,0,1
M200395,100373.99,2788.17,36,36,2
M200396,186689.79,3660.58,51,0,3
M200397,214827.77,6137.94,35,0,0
M200398,231644.52,5387.08,43,0,2
M200399,135050.52,3462.83,39,39,3
M200400,115804.77,3308.71,35,0,2
M200401,166112.1,4885.65,34,0,4
M200402,161575.98,3757.58,43,0,0
M200403,198267.17,4835.78,41,0,0
M200404,137227.14,4731.97,29,0,0
M200405,193453.45,4606.03,42,42,0
M200406,174441.31,3792.2,46,0,0
M200407,123593.75,4119.79,30,0,0
M200408,180311.27,4623.37,39,39,0
M200409,169841.97,4354.92,39,39,0
M200410,155424.73,4571.32,34,34,0
M200411,214313.74,5227.16,41,0,0
M200412,248965.87,6072.34,41,0,1
M200413,224899.74,5354.76,42,0,1
M200414,204291.07,4750.96,43,0,0
M200415,152794.62,4020.91,38,38,0
M200416,141659.66,3219.54,44,0,5
M200417,183920.29,4087.12,45,0,0
M200418,188315.39,3766.31,50,0,1
M200419,143645.04,3780.13,38,0,0
M200420,259781.28,4478.99,58,0,0
M200421,168084.31,3820.1,44,0,0
M200422,175870.63,5024.88,35,0,0
M200423,191577.37,4672.62,41,0,2
M200424,141916.03,5068.43,28,0,0
M200425,196179.38,4087.07,48,0,0
M200426,153507.76,4148.86,37,0,0
M200427,106858.12,2968.28,36,0,1
M200428,141360.96,3926.69,36,0,1
M200429,155734.91,4325.97,36,0,2
M200430,292873.92,5525.92,53,0,0
M200431,122802.64,3318.99,37,37,0
M200432,117510.39,3357.44,35,0,2
M200433,111799.52,3606.44,31,31,1
M200434,220105.38,5118.73,43,43,0
M200435,148194.69,3704.87,40,0,0
M200436,195282.15,5424.5,36,36,1
M200437,134663.06,4488.77,30,0,1
M200438,164867.58,4995.99,33,33,0
M200439,125461.06,4326.24,29,0,2
M200440,208016.84,4245.24,49,0,1
M200441,95654.28,3416.22,28,28,0
M200442,159311.41,3318.99,48,0,2
M200443,139976.52,4826.78,29,0,0
M200444,214792.67,5966.46,36,0,0
M200445,203788.96,4430.19,46,0,0
M200446,134942.46,3373.56,40,0,2
M200447,164775.21,4225.01,39,0,0
M200448,236667.86,5144.95,46,0,1
M200449,243977.7,5808.99,42,42,2
M200450,261589.35,6228.32,42,0,1
M200451,193777.42,4726.28,41,0,1
M200452,196120.02,4783.42,41,0,2
M200453,177522.35,4671.64,38,0,1
M200454,107886.42,3480.21,31,31,0
M200455,132987.43,3166.37,42,0,0
M200456,88714.0,2688.3,33,33,0
M200457,224030.81,5334.07,42,42,2
M200458,224989.02,5624.73,40,0,0
M200459,145939.86,5032.41,29,0,2
M200460,58592.8,2441.37,24,0,0
M200461,259694.99,5645.54,46,0,0
M200462,178420.33,5406.68,33,0,0
M200463,147243.13,3775.46,39,0,1
M200464,262019.68,6093.48,43,0,0
M200465,226201.71,6113.56,37,0,1
M200466,211599.91,5568.42,38,0,0
M200467,208174.76,4003.36,52,52,1
M200468,241542.13,4473.0,54,0,1
M200469,183111.69,4695.17,39,0,2
M200470,173654.51,5262.26,33,0,0
M200471,210674.64,5693.91,37,0,2
M200472,217876.29,4539.09,48,0,2
M200473,194607.55,4324.61,45,0,1
M200474,127160.81,5086.43,25,0,0
M200475,238437.28,4768.75,50,50,2
M200476,166277.03,4156.93,40,0,1
M200477,173502.35,4448.78,39,0,0
M200478,180310.19,3467.5,52,0,0
M200479,208190.35,4525.88,46,0,4
M200480,188512.83,4284.38,44,0,1
M200481,121512.16,3573.89,34,0,0
M200482,118259.45,2750.22,43,0,3
M200483,191217.77,4249.28,45,0,1
M200484,293739.58,6527.55,45,0,1
M200485,107199.58,2748.71,39,39,1
M200486,198384.19,5220.64,38,0,1
M200487,162235.53,4269.36,38,0,1
M200488,123874.99,3539.29,35,0,3
M200489,163917.05,4097.93,40,0,0
M200490,201811.15,5935.62,34,0,1
M200491,292192.45,8348.36,35,0,1
M200492,178488.22,4824.01,37,0,0
M200493,216408.64,4604.44,47,0,1
M200494,257149.56,6593.58,39,0,2
M200495,218096.64,5192.78,42,0,1
M200496,165054.1,3588.13,46,0,1
M200497,186564.36,3969.45,47,0,0
M200498,216005.34,5268.42,41,41,1
M200499,147165.96,3270.35,45,45,1
M200500,158261.33,3860.03,41,41,1
M200501,215457.95,5823.19,37,0,2
M200502,125410.8,3300.28,38,38,0
M200503,249212.54,4615.05,54,54,2
M200504,176195.6,4297.45,41,0,3
M200505,117143.77,3778.83,31,0,0
M200506,168799.46,3751.1,45,0,1
M200507,143386.49,4217.25,34,0,0
M200508,157080.11,4760.0,33,0,0
M200509,199500.81,4987.52,40,0,0
M200510,194042.19,4042.55,48,0,3
M200511,146236.89,3481.83,42,0,2
M200512,134595.76,3738.77,36,0,0
M200513,141268.07,3445.56,41,41,1
M200514,153483.94,3197.58,48,0,1
M200515,177503.49,4930.65,36,0,0
M200516,199929.4,5403.5,37,0,2
M200517,130768.3,4086.51,32,0,0
M200518,127210.42,3347.64,38,0,1
M200519,201260.64,5296.33,38,38,1
M200520,176448.09,4643.37,38,38,0
M200521,144168.29,3516.3,41,0,2
M200522,83988.4,3110.68,27,0,1
M200523,232345.55,5280.58,44,0,0
M200524,122613.69,3503.25,35,35,0
M200525,199832.9,4541.66,44,0,0
M200526,131745.62,3764.16,35,35,0
M200527,168779.42,4018.56,42,42,0
M200528,161905.4,4497.37,36,0,1
M200529,167014.39,4282.42,39,0,1
M200530,148411.52,4497.32,33,0,1
M200531,154971.63,3603.99,43,0,2
M200532,175317.26,4613.61,38,0,2
M200533,170577.34,4061.37,42,0,1
M200534,210892.67,4487.08,47,0,3
M200535,256274.95,5959.88,43,43,1
M200536,138972.98,3860.36,36,0,2
M200537,181422.6,4651.86,39,0,3
M200538,171756.57,4293.91,40,0,1
M200539,255833.41,4827.05,53,0,0
M200540,168455.43,4813.01,35,35,0
M200541,213281.18,6665.04,32,0,3
M200542,150081.65,4841.34,31,0,0
M200543,215613.51,4587.52,47,47,0
M200544,210739.83,4683.11,45,0,1
M200545,147824.41,3519.63,42,42,1
M200546,111710.05,3285.59,34,0,0
M200547,285567.46,5599.36,51,0,1
M200548,233348.78,4861.43,48,0,0
M200549,208169.28,6308.16,33,0,2
M200550,210705.04,4580.54,46,0,1
M200551,171796.53,4294.91,40,0,0
M200552,194626.97,6082.09,32,0,0
M200553,203812.48,4632.1,44,0,1
M200554,134651.43,4343.59,31,0,1
M200555,170920.85,6573.88,26,0,0
M200556,156842.38,3825.42,41,41,0
M200557,103777.14,3578.52,29,29,1
M200558,174430.43,4983.73,35,0,1
M200559,162364.5,3183.62,51,51,1
M200560,167213.09,4519.27,37,0,0
M200561,141457.22,4420.54,32,0,1
M200562,134059.66,4622.75,29,0,0
M200563,89273.72,3306.43,27,27,1
M200564,182481.29,4243.75,43,0,1
M200565,176417.06,4200.41,42,0,2
M200566,213162.53,4179.66,51,0,0
M200567,274409.36,5600.19,49,0,0
M200568,202418.59,4217.05,48,0,0
M200569,153062.75,4783.21,32,0,0
M200570,271207.39,6163.8,44,0,3
M200571,202926.26,5636.84,36,0,1
M200572,174679.52,4852.21,36,36,0
M200573,314259.73,7308.37,43,0,0
M200574,158928.4,4295.36,37,0,0
M200575,171826.89,3818.38,45,0,1
M200576,242551.09,6063.78,40,0,3
M200577,211607.19,4600.16,46,46,0
M200578,225467.36,5933.35,38,0,3
M200579,197992.37,4829.08,41,0,2
M200580,175824.32,3740.94,47,0,0
M200581,222426.74,5172.71,43,0,0
M200582,170470.36,4607.31,37,0,1
M200583,176025.11,4513.46,39,0,2
M200584,155598.01,3795.07,41,0,4
M200585,183226.18,4261.07,43,0,2
M200586,128746.61,3218.67,40,0,2
M200587,157143.51,4247.12,37,0,2
M200588,155336.58,3883.41,40,40,0
M200589,117740.48,3679.39,32,0,0
M200590,169735.57,4352.19,39,0,1
M200591,197098.34,5053.8,39,0,0
M200592,202213.72,4932.04,41,0,0
M200593,203201.69,4618.22,44,0,0
M200594,161178.69,4356.18,37,0,0
M200595,169803.52,3948.92,43,43,0
M200596,167558.6,4188.96,40,0,0
M200597,156253.04,4006.49,39,39,2
M200598,146976.83,4199.34,35,0,1
M200599,199741.82,5121.59,39,0,1
M200600,188502.1,4383.77,43,43,0
M200601,163622.31,4812.42,34,0,0
M200602,248582.03,5649.59,44,0,0
M200603,145568.87,4043.58,36,0,1
M200604,180086.25,4188.05,43,43,0
M200605,195295.75,4649.9,42,0,0
M200606,192640.16,5665.89,34,0,1
M200607,147031.26,3869.24,38,0,1
M200608,208998.31,4644.41,45,45,1
M200609,225448.14,5498.74,41,0,1
M200610,204913.59,8538.07,24,24,0
M200611,115507.06,3850.24,30,0,0
M200612,140042.09,4243.7,33,0,0
M200613,171183.42,3890.53,44,0,1
M200614,143590.87,5318.18,27,0,1
M200615,134447.09,3447.36,39,39,0
M200616,183243.32,5389.51,34,0,0
M200617,98062.28,3268.74,30,0,0
M200618,187662.54,4811.86,39,0,0
M200619,159420.87,3795.73,42,0,2
M200620,298499.81,5852.94,51,0,0
M200621,139075.46,3863.21,36,0,0
M200622,215370.81,6334.44,34,34,0
M200623,182192.84,4794.55,38,0,0
M200624,232460.64,5406.06,43,0,0
M200625,128218.09,3771.12,34,0,2
M200626,145793.45,4417.98,33,33,0
M200627,141919.14,3547.98,40,40,0
M200628,135296.02,3758.22,36,0,2
M200629,161691.47,4370.04,37,0,0
M200630,189630.44,4862.32,39,0,3
M200631,138977.21,3474.43,40,0,0
M200632,146780.04,3190.87,46,0,1
M200633,148718.93,3035.08,49,0,0
M200634,168034.83,4667.63,36,0,0
M200635,200033.71,4651.95,43,0,3
M200636,189439.52,4305.44,44,0,2
M200637,130077.54,3825.81,34,0,1
M200638,169667.13,4712.98,36,0,0
M200639,172126.5,3911.97,44,0,1
M200640,100783.27,2723.87,37,0,2
M200641,152971.57,4249.21,36,0,0
M200642,160611.31,5538.32,29,0,1
M200643,162404.65,3776.85,43,0,0
M200644,193200.56,4200.01,46,0,0
M200645,141762.49,4169.48,34,0,0
M200646,209410.69,4362.72,48,0,2
M200647,176448.53,3921.08,45,0,0
M200648,232865.55,4752.36,49,0,0
M200649,252271.97,6152.97,41,0,1
M200650,205286.38,5865.33,35,0,2
M200651,292110.62,6491.35,45,45,0
M200652,223926.32,5461.62,41,41,1
M200653,260027.71,5778.39,45,0,0
M200654,190858.19,5022.58,38,0,0
M200655,201778.09,4804.24,42,42,0
M200656,131040.68,4227.12,31,0,1
M200657,256728.51,5462.31,47,0,0
M200658,184118.78,4091.53,45,45,1
M200659,163820.03,4818.24,34,0,0
M200660,214027.84,4458.91,48,0,2
M200661,155859.2,3896.48,40,0,0
M200662,135558.71,3306.31,41,0,0
M200663,98876.33,3295.88,30,0,0
M200664,158418.25,4526.24,35,0,2
M200665,236804.97,4832.75,49,0,0
M200666,125264.24,3578.98,35,35,0
M200667,139200.39,3663.17,38,38,0
M200668,122574.58,4377.66,28,0,0
M200669,126633.97,3332.47,38,0,0
M200670,168044.76,3500.93,48,0,2
M200671,209870.02,5829.72,36,0,1
M200672,116272.18,3633.51,32,0,3
M200673,171366.71,4896.19,35,0,3
M200674,278007.55,5451.13,51,0,1
M200675,165108.01,4344.95,38,38,0
M200676,238983.96,5557.77,43,0,1
M200677,155524.32,3616.84,43,0,2
M200678,142943.06,4204.21,34,0,1
M200679,165848.48,3948.77,42,42,1
M200680,194393.76,4136.04,47,0,0
M200681,144898.03,3149.96,46,0,0
M200682,171807.84,4772.44,36,36,3
M200683,138720.05,3468.0,40,40,0
M200684,186280.74,4233.65,44,44,2
M200685,205236.1,5546.92,37,0,1
M200686,290479.23,7261.98,40,0,0
M200687,233105.79,4856.37,48,48,0
M200688,211411.73,4916.55,43,0,0
M200689,214073.28,6487.07,33,0,0
M200690,109502.75,3421.96,32,0,0
M200691,204069.58,4745.8,43,43,2
M200692,177594.98,5074.14,35,0,1
M200693,145576.88,3830.97,38,38,0
M200694,214434.79,6701.09,32,32,0
M200695,218111.13,4957.07,44,0,1
M200696,221916.75,4721.63,47,0,3
M200697,159435.1,3188.7,50,0,0
M200698,127460.03,3641.72,35,35,0
M200699,140361.12,3693.71,38,0,1
M200700,147762.57,3888.49,38,0,1
M200701,201428.82,4196.43,48,0,0
M200702,184459.27,3924.67,47,0,1
M200703,130353.59,4073.55,32,0,2
M200704,139319.65,3572.3,39,0,3
M200705,212000.26,4930.24,43,43,0
M200706,185910.15,4225.23,44,0,1
M200707,164696.69,3107.48,53,0,1
M200708,116753.36,3335.81,35,0,1
M200709,163856.51,3810.62,43,0,0
M200710,155649.03,4096.03,38,0,1
M200711,211074.05,4588.57,46,46,2
M200712,154328.74,4171.05,37,37,0
M200713,115503.45,3725.92,31,0,0
M200714,137923.02,4179.49,33,33,1
M200715,163229.22,4295.51,38,0,2
M200716,129421.34,3595.04,36,0,0
M200717,134944.95,3748.47,36,36,0
M200718,172605.68,4425.79,39,0,0
M200719,151106.12,4083.95,37,0,2
M200720,212871.47,4529.18,47,47,1
M200721,147750.39,4925.01,30,0,0
M200722,187238.4,5201.07,36,0,0
M200723,210166.41,5388.88,39,39,1
M200724,159476.58,3986.91,40,0,0
M200725,110174.92,2977.7,37,0,2
M200726,141199.75,4706.66,30,0,1
M200727,184921.39,3934.5,47,0,3
M200728,109722.9,3783.55,29,0,0
M200729,265461.61,5417.58,49,0,0
M200730,150889.49,4437.93,34,34,1
M200731,172035.61,4300.89,40,0,1
M200732,147192.49,4599.77,32,0,0
M200733,168700.8,4016.69,42,0,0
M200734,124673.26,3896.04,32,0,0
M200735,149746.27,3327.69,45,0,2
M200736,156689.7,5054.51,31,0,2
M200737,97740.09,3152.91,31,31,0
M200738,207072.78,4815.65,43,0,2
M200739,215634.91,4587.98,47,47,0
M200740,173308.02,4126.38,42,42,0
M200741,171978.97,4299.47,40,0,0
M200742,236443.47,5498.69,43,43,0
M200743,161604.57,3847.73,42,0,1
M200744,132780.32,3688.34,36,0,0
M200745,179517.82,5129.08,35,0,2
M200746,197923.43,5349.28,37,37,1
M200747,126288.24,4073.81,31,0,0
M200748,224035.38,4000.63,56,0,3
M200749,162163.71,3450.29,47,0,2
M200750,195689.93,5435.83,36,0,0
M200751,148095.17,4231.29,35,0,0
M200752,209356.85,4026.09,52,0,1
M200753,123490.28,3859.07,32,0,0
M200754,117611.04,3015.67,39,0,0
M200755,163374.17,3551.61,46,0,1
M200756,213338.1,5614.16,38,0,2
M200757,162932.92,4287.71,38,0,0
M200758,117441.99,3788.45,31,31,0
M200759,211122.71,5413.4,39,0,1
M200760,143288.02,3494.83,41,41,2
M200761,306008.95,5186.59,59,59,3
M200762,209482.96,5661.7,37,0,0
M200763,193525.2,5230.41,37,0,2
M200764,91259.56,2851.86,32,0,2
M200765,149794.01,4160.94,36,0,0
M200766,223941.8,4665.45,48,0,0
M200767,103165.56,3126.23,33,33,1
M200768,170723.18,3711.37,46,0,1
M200769,181634.9,4036.33,45,0,2
M200770,183941.51,4379.56,42,0,2
M200771,106172.23,3317.88,32,0,0
M200772,148887.08,4135.75,36,0,1
M200773,124226.87,4140.9,30,0,1
M200774,202339.43,4305.09,47,0,1
M200775,163855.25,3901.32,42,0,0
M200776,149255.8,3927.78,38,38,0
M200777,218469.32,5080.68,43,0,1
M200778,178202.05,4950.06,36,36,0
M200779,82525.35,3056.49,27,0,0
M200780,126149.73,4672.21,27,27,2
M200781,128444.72,3669.85,35,0,2
M200782,133486.48,3512.8,38,0,2
M200783,135037.04,3000.82,45,0,0
M200784,139392.31,4224.01,33,0,2
M200785,141962.28,3462.49,41,0,0
M200786,96079.0,3695.35,26,0,1
M200787,138155.4,3837.65,36,36,2
M200788,175830.69,4395.77,40,40,2
M200789,159294.84,4977.96,32,0,2
M200790,129752.89,3707.23,35,35,0
M200791,192413.33,4810.33,40,0,0
M200792,138129.33,4455.78,31,31,1
M200793,178832.84,5109.51,35,0,0
M200794,177521.52,4551.83,39,0,0
M200795,166292.55,4055.92,41,0,0
M200796,197429.85,4700.71,42,0,1
M200797,150927.83,4192.44,36,0,0
M200798,130634.4,4838.31,27,0,0
M200799,104254.72,3363.06,31,31,0
M200800,192329.97,5061.31,38,38,5
M200801,118948.76,4101.68,29,0,1
M200802,155343.38,3983.16,39,0,1
M200803,172031.06,3822.91,45,0,0
M200804,199800.11,4757.15,42,42,1
M200805,149592.99,4155.36,36,0,2
M200806,245474.51,6818.74,36,0,1
M200807,168966.71,5280.21,32,0,2
M200808,157376.39,4141.48,38,38,1
M200809,185960.53,4649.01,40,0,1
M200810,185803.64,4764.2,39,39,2
M200811,253748.94,6041.64,42,0,1
M200812,165626.04,4246.82,39,0,0
M200813,219958.69,4887.97,45,45,0
M200814,239790.59,4611.36,52,52,1
M200815,140847.67,3435.31,41,41,0
M200816,160908.74,4348.88,37,0,0
M200817,191823.75,4678.63,41,0,0
M200818,304050.53,7239.3,42,0,1
M200819,134671.32,3284.67,41,41,1
M200820,177854.01,5231.0,34,0,0
M200821,171505.71,4083.47,42,42,2
M200822,137587.71,4046.7,34,0,1
M200823,211062.96,5554.29,38,0,1
M200824,228699.18,4764.57,48,0,1
M200825,158117.77,3952.94,40,40,0
M200826,185232.42,4410.3,42,0,1
M200827,152231.02,3903.36,39,0,0
M200828,132897.6,3591.83,37,0,0
M200829,142551.97,3959.78,36,0,2
M200830,108712.37,3019.79,36,0,1
M200831,127615.05,3449.06,37,0,1
M200832,153064.65,4638.32,33,0,1
M200833,180614.67,5017.07,36,0,2
M200834,100558.47,3591.37,28,0,0
M200835,137316.65,4291.15,32,32,0
M200836,181579.79,5340.58,34,0,0
M200837,194661.42,4231.77,46,0,1
M200838,157682.41,4505.21,35,0,1
M200839,158058.62,3763.3,42,0,1
M200840,167126.18,4076.25,41,0,1
M200841,142387.22,3955.2,36,36,0
M200842,186808.12,4447.81,42,0,0
M200843,172208.17,4200.2,41,0,0
M200844,229244.17,6742.48,34,0,0
M200845,168796.54,4442.01,38,0,0
M200846,151398.74,4205.52,36,0,0
M200847,169812.86,3949.14,43,43,1
M200848,190632.36,4888.01,39,39,3
M200849,158185.76,4162.78,38,38,0
M200850,186727.85,3810.77,49,0,2
M200851,294792.44,5459.12,54,0,1
M200852,128021.18,3200.53,40,0,1
M200853,289261.85,6574.13,44,0,2
M200854,150303.7,4420.7,34,0,0
M200855,227040.26,4830.64,47,0,1
M200856,192412.5,4692.99,41,41,0
M200857,144068.0,4116.23,35,0,2
M200858,249597.67,6745.88,37,0,0
M200859,104461.18,3730.76,28,0,0
M200860,194271.72,4981.33,39,0,2
M200861,182860.63,3890.65,47,0,0
M200862,189548.8,5122.94,37,0,0
M200863,263241.15,5264.82,50,0,1
M200864,229234.65,5591.09,41,0,0
M200865,234403.59,5095.73,46,0,0
M200866,149811.2,3942.4,38,0,0
M200867,233644.11,4768.25,49,0,0
M200868,132493.41,3896.86,34,0,0
M200869,204282.44,5521.15,37,0,0
M200870,281759.04,6261.31,45,0,0
M200871,216671.14,4513.98,48,48,0
M200872,192532.81,4813.32,40,0,0
M200873,118987.47,3399.64,35,0,0
M200874,152363.67,4232.32,36,0,2
M200875,166531.27,3700.69,45,0,0
M200876,233715.77,5311.72,44,0,1
M200877,254118.17,5406.77,47,47,0
M200878,98030.81,3380.37,29,0,1
M200879,219241.72,4664.72,47,0,0
M200880,221657.73,5833.1,38,0,0
M200881,134008.11,3621.84,37,0,2
M200882,199772.36,4439.39,45,0,2
M200883,130248.37,3176.79,41,0,1
M200884,240806.13,5123.53,47,47,1
M200885,153574.23,3745.71,41,0,1
M200886,192219.84,5058.42,38,0,3
M200887,94400.07,2420.51,39,0,0
M200888,214451.69,4873.9,44,0,1
M200889,159210.82,4548.88,35,0,0
M200890,178084.16,3789.02,47,0,1
M200891,201629.26,4032.59,50,0,0
M200892,221201.41,4808.73,46,46,3
M200893,229158.25,5208.14,44,0,0
M200894,121964.37,3587.19,34,34,0
M200895,261369.94,6878.16,38,0,1
M200896,166358.82,5736.51,29,0,1
M200897,168642.98,3921.93,43,0,1
M200898,196782.75,4799.58,41,0,1
M200899,165916.27,4879.89,34,34,1
M200900,163328.07,3983.61,41,0,1
M200901,163579.68,4811.17,34,0,0
M200902,163358.42,4083.96,40,40,0
M200903,183144.35,3522.01,52,0,0
M200904,216298.4,4702.14,46,0,0
M200905,117315.78,3170.7,37,0,4
M200906,142271.33,3556.78,40,0,1
M200907,146587.0,3961.81,37,0,2
M200908,255744.98,5947.56,43,0,0
M200909,176822.96,5200.68,34,0,0
M200910,198777.62,4056.69,49,0,0
M200911,214297.22,4464.53,48,0,0
M200912,139465.51,3874.04,36,0,1
M200913,247503.87,5625.09,44,44,1
M200914,226342.42,4815.8,47,47,0
M200915,217073.33,5866.85,37,0,0
M200916,154899.71,3872.49,40,0,0
M200917,201290.49,5920.31,34,0,1
M200918,142920.47,3862.72,37,0,1
M200919,135815.51,3670.69,37,0,1
M200920,198126.16,4607.59,43,43,1
M200921,185099.1,6855.52,27,0,0
M200922,186837.52,4557.01,41,0,1
M200923,118588.93,2964.72,40,0,3
M200924,98739.05,3085.6,32,32,2
M200925,141695.63,3373.71,42,0,4
M200926,260895.0,5435.31,48,0,1
M200927,97349.85,3140.32,31,0,0
M200928,114347.72,4764.49,24,0,2
M200929,179564.81,5441.36,33,0,1
M200930,156613.75,4121.41,38,0,2
M200931,133405.65,4600.19,29,0,0
M200932,262605.84,5149.13,51,0,2
M200933,164808.84,3832.76,43,0,0
M200934,114912.25,3591.01,32,0,2
M200935,224699.73,6241.66,36,0,0
M200936,131960.17,3141.91,42,0,0
M200937,198169.5,4954.24,40,40,0
M200938,172566.63,3921.97,44,0,0
M200939,175017.94,4487.64,39,39,0
M200940,165651.27,4477.06,37,37,1
M200941,222594.05,6359.83,35,35,1
M200942,158041.71,3951.04,40,0,0
M200943,103640.4,3140.62,33,0,1
M200944,169450.69,4034.54,42,0,0
M200945,231421.6,5933.89,39,39,1
M200946,167964.62,4539.58,37,37,1
M200947,264245.15,5181.28,51,0,0
M200948,158523.09,4064.69,39,0,2
M200949,162724.21,5085.13,32,0,3
M200950,203954.49,4532.32,45,0,0
M200951,195148.0,5913.58,33,0,0
M200952,230477.86,5909.69,39,0,0
M200953,140230.24,3690.27,38,0,2
M200954,197301.8,4697.66,42,0,0
M200955,103074.1,3681.22,28,0,1
M200956,177771.2,5555.35,32,0,0
M200957,197125.05,5054.49,39,39,0
M200958,220006.54,7096.99,31,0,2
M200959,119045.37,3501.33,34,0,0
M200960,152369.99,4009.74,38,0,0
M200961,175026.5,4070.38,43,0,1
M200962,152573.96,6102.96,25,25,1
M200963,130997.27,3447.3,38,38,1
M200964,136259.33,3893.12,35,35,0
M200965,169936.2,4592.87,37,0,1
M200966,156131.3,4108.72,38,0,1
M200967,186220.18,5477.06,34,0,0
M200968,134162.44,3726.73,36,36,1
M200969,189108.35,3939.76,48,0,1
M200970,231356.48,5932.22,39,0,2
M200971,131742.14,2994.14,44,0,1
M200972,325540.07,5918.91,55,55,0
M200973,220061.93,5117.72,43,0,1
M200974,137116.82,4728.17,29,0,0
M200975,206313.13,5157.83,40,0,2
M200976,190680.81,3738.84,51,51,0
M200977,117315.62,3351.87,35,0,0
M200978,217125.27,4175.49,52,52,2
M200979,209711.11,5242.78,40,0,1
M200980,117591.03,3674.72,32,0,0
M200981,104483.94,3166.18,33,0,1
M200982,121444.32,4048.14,30,30,1
M200983,242918.09,4583.36,53,0,1
M200984,191782.6,5479.5,35,35,1
M200985,147390.17,3878.69,38,0,0
M200986,152799.65,4630.29,33,0,0
M200987,218846.91,6079.08,36,0,0
M200988,260405.55,5540.54,47,0,0
M200989,215589.37,5389.73,40,0,0
M200990,112655.08,3634.03,31,31,1
M200991,224517.98,5221.35,43,43,1
M200992,208864.53,4540.53,46,0,2
M200993,151490.34,3366.45,45,45,2
M200994,258498.41,5499.97,47,47,1
M200995,178333.82,4693.0,38,0,0
M200996,174719.18,3296.59,53,0,0
M200997,125042.51,3907.58,32,0,0
M200998,159386.18,4829.88,33,0,1
M200999,188267.03,5379.06,35,0,1
