merchant_id,merchant_name,cnpj,mcc,country,city,owner_customer_id,merchant_high_risk_flag,merchant_chargeback_ratio_90d,mcc_risk
M200000,Merchant 1,65240421527930,5411,BR,,C101280,No,0.034,Normal
M200001,Merchant 2,96297252396610,7995,BR,,,No,0.052,High
M200002,Merchant 3,67551536706595,5411,BR,,C100993,No,0.06,Normal
M200003,Merchant 4,70151821696287,5812,BR,,,No,0.039,Normal
M200004,Merchant 5,98941097386426,6051,BR,,,No,0.059,High
M200005,Merchant 6,11053973041564,6051,GB,,,Yes,0.135,High
M200006,Merchant 7,60991388291688,5812,CN,,,No,0.026,Normal
M200007,Merchant 8,511502378496,4900,BR,,,No,0.012,Normal
M200008,Merchant 9,25504909000910,6011,BR,,C101098,No,0.04,High
M200009,Merchant 10,33408116136695,5999,BR,,,No,0.05,Normal
M200010,Merchant 11,94033899714348,4900,BR,,C101806,No,0.009,Normal
M200011,Merchant 12,62643570002400,5812,BR,,C102197,No,0.031,Normal
M200012,Merchant 13,62287399033587,4814,BR,,,No,0.036,Normal
M200013,Merchant 14,87357919253121,6011,BR,,,Yes,0.124,High
M200014,Merchant 15,74939879508361,5812,BR,,,No,0.011,Normal
M200015,Merchant 16,16646832778424,7995,AE,,,No,0.071,High
M200016,Merchant 17,60291547517440,5812,BR,,,No,0.005,Normal
M200017,Merchant 18,35612151081483,5732,BR,,C101882,No,0.057,Normal
M200018,Merchant 19,72313229472641,4829,BR,,,No,0.021,High
M200019,Merchant 20,72342666708316,4900,BR,,C100196,No,0.031,Normal
M200020,Merchant 21,43248813317027,6011,BR,,,Yes,0.143,High
M200021,Merchant 22,31988682580384,4814,BR,,,No,0.009,Normal
M200022,Merchant 23,61037016266354,6051,BR,,,No,0.063,High
M200023,Merchant 24,86797816285912,6051,BR,,C100481,No,0.013,High
M200024,Merchant 25,27317902325407,4829,BR,,C102412,No,0.053,High
M200025,Merchant 26,34536970479595,5999,BR,,,No,0.005,Normal
M200026,Merchant 27,93247960169687,5732,BR,,,No,0.042,Normal
M200027,Merchant 28,58261701662833,6051,BR,,C101050,No,0.06,High
M200028,Merchant 29,27590176386345,5999,BR,,,No,0.053,Normal
M200029,Merchant 30,56184206765064,6211,BR,,,No,0.116,High
M200030,Merchant 31,74736745902709,5945,BR,,C101901,No,0.04,Normal
M200031,Merchant 32,69735905123120,5999,BR,,,No,0.104,Normal
M200032,Merchant 33,21753973674627,5812,BR,,C100923,No,0.025,Normal
M200033,Merchant 34,89636662020934,4789,BR,,,No,0.084,Normal
M200034,Merchant 35,80134178566671,6211,BR,,C100855,Yes,0.108,High
M200035,Merchant 36,51748297939593,6011,BR,,,Yes,0.127,High
M200036,Merchant 37,52898496468105,5411,BR,,,No,0.076,Normal
M200037,Merchant 38,81733790388260,5411,BR,,C101235,No,0.042,Normal
M200038,Merchant 39,64656897650985,5732,US,,,No,0.006,Normal
M200039,Merchant 40,89717437928597,4814,BR,,C100173,No,0.063,Normal
M200040,Merchant 41,58671584235710,6051,BR,,C100688,No,0.067,High
M200041,Merchant 42,1256652616587,4814,BR,,C100817,No,0.056,Normal
M200042,Merchant 43,46194435018808,4829,BR,,,No,0.047,High
M200043,Merchant 44,57339491576803,5411,BR,,C101181,No,0.023,Normal
M200044,Merchant 45,44635338810645,6011,BR,,,No,0.034,High
M200045,Merchant 46,26829817873363,4111,BR,,C102257,No,0.014,Normal
M200046,Merchant 47,60797632302693,4789,US,,,No,0.024,Normal
M200047,Merchant 48,24197812582836,4814,BR,,,No,0.023,Normal
M200048,Merchant 49,90531390346968,6211,BR,,C100004,Yes,0.083,High
M200049,Merchant 50,2664833853367,4111,GB,,,No,0.081,Normal
M200050,Merchant 51,61069462110824,5411,BR,,C100058,No,0.076,Normal
M200051,Merchant 52,71176008246697,5812,BR,,,No,0.133,Normal
M200052,Merchant 53,73692906622792,6011,BR,,C101008,No,0.116,High
M200053,Merchant 54,44558946227903,4829,GB,,,Yes,0.166,High
M200054,Merchant 55,26344278494382,5812,BR,,,No,0.026,Normal
M200055,Merchant 56,90669099466628,4789,YE,,,No,0.063,Normal
M200056,Merchant 57,48161451314355,4789,PT,,,No,0.041,Normal
M200057,Merchant 58,52060889826434,4111,BR,,C100434,No,0.074,Normal
M200058,Merchant 59,59347594725313,5411,BR,,,No,0.042,Normal
M200059,Merchant 60,83174199842804,6051,BR,,,Yes,0.2,High
M200060,Merchant 61,30075509371923,6211,BR,,,Yes,0.18,High
M200061,Merchant 62,93924126859683,4829,BR,,,Yes,0.13,High
M200062,Merchant 63,93493650757633,5945,BR,,,No,0.045,Normal
M200063,Merchant 64,62096754718032,6011,BR,,C101196,No,0.043,High
M200064,Merchant 65,72669050485434,5411,BR,,,No,0.035,Normal
M200065,Merchant 66,90004211152835,5812,BR,,,No,0.019,Normal
M200066,Merchant 67,9021965476415,4111,DE,,,No,0.044,Normal
M200067,Merchant 68,94825463627061,4814,US,,,No,0.092,Normal
M200068,Merchant 69,97094466517214,4829,BR,,,Yes,0.139,High
M200069,Merchant 70,14821467889775,4789,BR,,C101933,No,0.073,Normal
M200070,Merchant 71,93512956613096,4111,BR,,,No,0.034,Normal
M200071,Merchant 72,97127027925585,4814,BR,,C100414,No,0.029,Normal
M200072,Merchant 73,68117432713550,5999,BR,,C101806,No,0.038,Normal
M200073,Merchant 74,66220550693039,4900,BR,,C102115,No,0.062,Normal
M200074,Merchant 75,9859159339406,6211,BR,,C102095,No,0.074,High
M200075,Merchant 76,87357614303622,6011,BR,,,Yes,0.132,High
M200076,Merchant 77,38881692708723,6211,BR,,C100730,No,0.035,High
M200077,Merchant 78,61215997918158,5732,BR,,C101341,No,0.041,Normal
M200078,Merchant 79,21035946949322,7995,YE,,C102290,Yes,0.094,High
M200079,Merchant 80,98385581588679,4900,BR,,,No,0.016,Normal
M200080,Merchant 81,14569943804053,5999,BR,,C100268,No,0.096,Normal
M200081,Merchant 82,45185533682268,5999,BR,,,No,0.052,Normal
M200082,Merchant 83,16841035755297,5732,BR,,,No,0.088,Normal
M200083,Merchant 84,38130967264092,7995,BR,,C102253,Yes,0.141,High
M200084,Merchant 85,43152141746774,6011,BR,,,No,0.045,High
M200085,Merchant 86,8438091363932,4900,BR,,C101078,No,0.004,Normal
M200086,Merchant 87,42371928238385,4814,KP,,,No,0.057,Normal
M200087,Merchant 88,54406434753820,6051,BR,,,Yes,0.099,High
M200088,Merchant 89,65938631200287,4814,BR,,,No,0.04,Normal
M200089,Merchant 90,91489980065128,5945,BR,,,No,0.026,Normal
M200090,Merchant 91,97003938560641,5999,BR,,C100517,No,0.06,Normal
M200091,Merchant 92,44156659910848,5732,BR,,,No,0.025,Normal
M200092,Merchant 93,82578567972140,5999,BR,,C100692,No,0.05,Normal
M200093,Merchant 94,556412990006,6051,BR,,,No,0.021,High
M200094,Merchant 95,63938982788628,5999,BR,,C101464,No,0.044,Normal
M200095,Merchant 96,5679652613711,4789,DE,,,No,0.056,Normal
M200096,Merchant 97,26648992061571,4111,BR,,,No,0.021,Normal
M200097,Merchant 98,32931661097974,5945,BR,,,No,0.031,Normal
M200098,Merchant 99,87947270299643,6211,BR,,,No,0.06,High
M200099,Merchant 100,19589494058146,5812,BR,,C101903,No,0.204,Normal
M200100,Merchant 101,78800489787069,5945,BR,,,No,0.027,Normal
M200101,Merchant 102,97665207082345,5945,BR,,C100066,No,0.018,Normal
M200102,Merchant 103,55060863989068,5732,BR,,,No,0.021,Normal
M200103,Merchant 104,39894834122643,5945,BY,,,No,0.086,Normal
M200104,Merchant 105,731664259817,5999,BR,,,No,0.026,Normal
M200105,Merchant 106,95848903501232,4789,KP,,C101563,Yes,0.088,Normal
M200106,Merchant 107,86802600963113,7995,FR,,,No,0.018,High
M200107,Merchant 108,43088245821327,6051,BR,,C100266,Yes,0.102,High
M200108,Merchant 109,32708196577976,4814,BR,,C101830,No,0.044,Normal
M200109,Merchant 110,49276116187995,5732,BR,,,No,0.024,Normal
M200110,Merchant 111,19147056660684,4829,ES,,,No,0.028,High
M200111,Merchant 112,54157296827585,5411,BR,,C101462,No,0.003,Normal
M200112,Merchant 113,15269896145168,5411,BR,,C101454,No,0.07,Normal
M200113,Merchant 114,64554009069954,4829,PT,,C100556,No,0.042,High
M200114,Merchant 115,23789819926915,5732,BR,,C102390,No,0.066,Normal
M200115,Merchant 116,7107516479246,5732,BR,,C101925,No,0.041,Normal
M200116,Merchant 117,26841455570303,4829,BR,,,Yes,0.204,High
M200117,Merchant 118,13810349682119,6051,BR,,,No,0.04,High
M200118,Merchant 119,58769074999960,6011,BR,,,Yes,0.123,High
M200119,Merchant 120,82037534934985,6011,BR,,C101453,Yes,0.096,High
M200120,Merchant 121,41152276403188,4111,BR,,,No,0.034,Normal
M200121,Merchant 122,90033642927588,7995,BR,,,No,0.021,High
M200122,Merchant 123,33552648458335,6011,BR,,,Yes,0.092,High
M200123,Merchant 124,36338453169915,5945,BR,,C102376,No,0.039,Normal
M200124,Merchant 125,93199011913556,5411,BR,,,No,0.02,Normal
M200125,Merchant 126,18993983398568,5999,BR,,C100053,No,0.077,Normal
M200126,Merchant 127,66096592797506,4814,BR,,C102187,No,0.12,Normal
M200127,Merchant 128,92415071240957,6011,BR,,,No,0.052,High
M200128,Merchant 129,83886945829318,5999,BR,,,No,0.085,Normal
M200129,Merchant 130,41756258120690,4789,BR,,C101275,No,0.031,Normal
M200130,Merchant 131,32484708763319,6051,BR,,,Yes,0.139,High
M200131,Merchant 132,588221858856,4900,PT,,C101017,No,0.079,Normal
M200132,Merchant 133,87311391177679,6011,BR,,,Yes,0.165,High
M200133,Merchant 134,83142811728739,6211,BR,,,Yes,0.084,High
M200134,Merchant 135,3327006607538,5945,US,,,No,0.032,Normal
M200135,Merchant 136,68487500785979,7995,BR,,,Yes,0.095,High
M200136,Merchant 137,13875743014303,6051,BR,,,No,0.003,High
M200137,Merchant 138,20498263675040,5411,BR,,C100300,No,0.063,Normal
M200138,Merchant 139,28580942971798,5732,BR,,C101122,No,0.067,Normal
M200139,Merchant 140,75290984665036,4900,BR,,C100236,No,0.063,Normal
M200140,Merchant 141,9018478028960,5945,BR,,,No,0.057,Normal
M200141,Merchant 142,94332192536317,6011,BR,,,No,0.029,High
M200142,Merchant 143,64119810519839,4900,BR,,C101248,No,0.023,Normal
M200143,Merchant 144,25851305322162,4900,US,,,No,0.026,Normal
M200144,Merchant 145,9138337403389,5999,BR,,,No,0.048,Normal
M200145,Merchant 146,41477520899171,4789,BR,,,No,0.023,Normal
M200146,Merchant 147,40649340559940,4789,BR,,C101117,No,0.068,Normal
M200147,Merchant 148,23345606141345,5999,BR,,,No,0.059,Normal
M200148,Merchant 149,45774398885631,6211,BR,,C101168,No,0.114,High
M200149,Merchant 150,95537009575872,6051,BR,,,Yes,0.117,High
M200150,Merchant 151,30767356435063,5411,BR,,,No,0.012,Normal
M200151,Merchant 152,76842079408000,5812,BR,,,No,0.085,Normal
M200152,Merchant 153,27495092028335,4789,BR,,C100527,No,0.056,Normal
M200153,Merchant 154,88905121177483,4900,BR,,,No,0.066,Normal
M200154,Merchant 155,16597477197109,7995,BR,,C100543,No,0.026,High
M200155,Merchant 156,18387341992923,5999,AE,,C100261,No,0.051,Normal
M200156,Merchant 157,2588129580066,4829,BR,,,Yes,0.134,High
M200157,Merchant 158,27337203346365,6011,BR,,C101077,No,0.072,High
M200158,Merchant 159,87715533711382,7995,BR,,,No,0.019,High
M200159,Merchant 160,65165636343508,5945,DE,,,No,0.037,Normal
M200160,Merchant 161,5126660104801,4814,BR,,C101845,No,0.046,Normal
M200161,Merchant 162,14256399148594,5999,BR,,,No,0.031,Normal
M200162,Merchant 163,68649206815144,4814,US,,,No,0.085,Normal
M200163,Merchant 164,92512004219199,5999,BR,,,No,0.086,Normal
M200164,Merchant 165,12641071147306,4829,BR,,,Yes,0.15,High
M200165,Merchant 166,27789747131359,7995,BR,,,Yes,0.126,High
M200166,Merchant 167,69778571106087,5732,AE,,,No,0.052,Normal
M200167,Merchant 168,82208199999088,6211,AE,,,Yes,0.11,High
M200168,Merchant 169,91802126077351,6051,BR,,C101616,Yes,0.104,High
M200169,Merchant 170,47753134268456,6051,BR,,,Yes,0.097,High
M200170,Merchant 171,38631511172073,6011,BR,,,Yes,0.132,High
M200171,Merchant 172,28976793301328,4789,BR,,,No,0.041,Normal
M200172,Merchant 173,10356777480530,5999,BR,,,No,0.022,Normal
M200173,Merchant 174,3568342587338,5945,BR,,C100992,No,0.093,Normal
M200174,Merchant 175,71686452735360,4111,BR,,,No,0.023,Normal
M200175,Merchant 176,63011377207689,4829,US,,,Yes,0.111,High
M200176,Merchant 177,94661333565701,5732,YE,,C101250,No,0.044,Normal
M200177,Merchant 178,21643209665174,4900,BR,,C100039,No,0.051,Normal
M200178,Merchant 179,13858618081207,5812,BR,,,No,0.055,Normal
M200179,Merchant 180,92414799287332,4111,BR,,C100040,No,0.036,Normal
M200180,Merchant 181,25101494401252,4814,DE,,C100052,No,0.012,Normal
M200181,Merchant 182,75867870282259,6211,BR,,,Yes,0.1,High
M200182,Merchant 183,58059145688785,7995,BR,,,No,0.091,High
M200183,Merchant 184,17585664930099,5999,BR,,,No,0.021,Normal
M200184,Merchant 185,47543200476535,5999,BR,,,No,0.022,Normal
M200185,Merchant 186,835460569713,5945,BR,,C102061,No,0.011,Normal
M200186,Merchant 187,44833764625785,4111,BR,,,No,0.113,Normal
M200187,Merchant 188,1581088150736,4829,BR,,,No,0.057,High
M200188,Merchant 189,12733629706229,6211,BR,,C100356,No,0.031,High
M200189,Merchant 190,55604995921199,6211,BR,,C100745,No,0.052,High
M200190,Merchant 191,56201551871351,4789,GB,,C100694,No,0.051,Normal
M200191,Merchant 192,95019424540703,6011,BR,,,Yes,0.092,High
M200192,Merchant 193,47901867002563,6011,AE,,,No,0.036,High
M200193,Merchant 194,40867783085822,6051,BR,,,Yes,0.179,High
M200194,Merchant 195,68910971478397,5945,BR,,,No,0.065,Normal
M200195,Merchant 196,82375525252356,4829,BR,,,Yes,0.091,High
M200196,Merchant 197,80605544847324,4789,US,,,No,0.091,Normal
M200197,Merchant 198,77660065765829,7995,BR,,C102131,No,0.04,High
M200198,Merchant 199,58162654427622,6011,BR,,,No,0.009,High
M200199,Merchant 200,25563815548888,4829,BR,,,No,0.049,High
M200200,Merchant 201,50416326025100,5999,AR,,,No,0.018,Normal
M200201,Merchant 202,84334762937625,4814,BR,,C100248,No,0.163,Normal
M200202,Merchant 203,78770590019939,4829,US,,,Yes,0.162,High
M200203,Merchant 204,2254285727487,6051,BR,,C101584,Yes,0.179,High
M200204,Merchant 205,85940092244971,4900,BR,,,No,0.079,Normal
M200205,Merchant 206,80604412338396,5812,BR,,,No,0.03,Normal
M200206,Merchant 207,69270989358632,4111,BY,,C100194,No,0.064,Normal
M200207,Merchant 208,43860017869010,4111,BR,,,No,0.045,Normal
M200208,Merchant 209,23848710982437,6011,BR,,C101786,Yes,0.127,High
M200209,Merchant 210,83265239878360,4111,BR,,,No,0.051,Normal
M200210,Merchant 211,48581552845525,5999,US,,C101467,No,0.007,Normal
M200211,Merchant 212,68607267678953,4900,BR,,C100499,No,0.076,Normal
M200212,Merchant 213,69910163391777,7995,YE,,,No,0.067,High
M200213,Merchant 214,39218460998487,4829,BR,,,No,0.032,High
M200214,Merchant 215,55843555685444,6051,BR,,C101558,No,0.021,High
M200215,Merchant 216,21873193501286,4829,BR,,C101718,Yes,0.108,High
M200216,Merchant 217,39145959792271,5812,BR,,C102236,No,0.051,Normal
M200217,Merchant 218,11369019977296,4829,BR,,,Yes,0.187,High
M200218,Merchant 219,47534072786182,6211,BR,,,No,0.049,High
M200219,Merchant 220,11558657581096,5999,BR,,C100251,No,0.046,Normal
M200220,Merchant 221,63709944244400,5945,BR,,,No,0.026,Normal
M200221,Merchant 222,71108539588921,6011,CN,,C101741,Yes,0.104,High
M200222,Merchant 223,47560999372887,5812,BR,,,No,0.065,Normal
M200223,Merchant 224,35738546132464,6051,BR,,,No,0.039,High
M200224,Merchant 225,5028947973771,5411,BR,,,No,0.09,Normal
M200225,Merchant 226,37581052559650,7995,BR,,,No,0.028,High
M200226,Merchant 227,61812000926391,5732,ES,,,No,0.015,Normal
M200227,Merchant 228,26733414181179,6011,FR,,,Yes,0.134,High
M200228,Merchant 229,61105424246970,4900,BR,,,No,0.024,Normal
M200229,Merchant 230,15019181009781,6011,US,,,No,0.024,High
M200230,Merchant 231,42556433348678,4829,BR,,,No,0.019,High
M200231,Merchant 232,80337207536004,5999,AR,,,No,0.014,Normal
M200232,Merchant 233,51423262564741,5945,BR,,,No,0.026,Normal
M200233,Merchant 234,60284030637140,6011,BR,,C100768,Yes,0.125,High
M200234,Merchant 235,82928448950508,4900,DE,,C101684,No,0.057,Normal
M200235,Merchant 236,42256433866954,6011,BR,,C100305,No,0.021,High
M200236,Merchant 237,39109200213447,4900,US,,C101398,No,0.049,Normal
M200237,Merchant 238,12264304328707,4900,GB,,,No,0.076,Normal
M200238,Merchant 239,39973692134721,5411,BR,,C100723,No,0.052,Normal
M200239,Merchant 240,82003449988335,4829,BR,,,No,0.012,High
M200240,Merchant 241,99832927481332,5945,BR,,,No,0.076,Normal
M200241,Merchant 242,7711065035346,4900,BR,,C101251,No,0.08,Normal
M200242,Merchant 243,26001717973385,4789,BR,,C100169,No,0.013,Normal
M200243,Merchant 244,34073149023094,6051,BR,,C100645,Yes,0.094,High
M200244,Merchant 245,9760143616369,5945,BR,,,No,0.056,Normal
M200245,Merchant 246,63521323876725,5411,BR,,,No,0.131,Normal
M200246,Merchant 247,36487019757374,5999,BR,,,No,0.063,Normal
M200247,Merchant 248,28820706319354,5732,BR,,,No,0.029,Normal
M200248,Merchant 249,56220318781635,5945,DE,,C100423,No,0.005,Normal
M200249,Merchant 250,29808638767565,4789,BR,,C101834,No,0.06,Normal
M200250,Merchant 251,78518216218158,7995,BR,,,Yes,0.194,High
M200251,Merchant 252,17987376754525,6011,BR,,C101740,No,0.047,High
M200252,Merchant 253,99575824775157,5411,US,,C101933,No,0.012,Normal
M200253,Merchant 254,51396337416380,6211,GB,,,Yes,0.121,High
M200254,Merchant 255,23892243140,6051,BR,,,No,0.032,High
M200255,Merchant 256,47099102879027,7995,BR,,,Yes,0.262,High
M200256,Merchant 257,83655458071565,5945,BR,,,No,0.016,Normal
M200257,Merchant 258,9307727038642,6211,US,,,No,0.007,High
M200258,Merchant 259,16842377713052,5411,BR,,,No,0.028,Normal
M200259,Merchant 260,61541570813086,5945,BR,,C102284,No,0.045,Normal
M200260,Merchant 261,82185605101975,5945,US,,,No,0.024,Normal
M200261,Merchant 262,90391212706164,4111,BR,,C101258,No,0.046,Normal
M200262,Merchant 263,29004303675572,5999,BR,,,No,0.019,Normal
M200263,Merchant 264,45291551604352,4111,BR,,,No,0.032,Normal
M200264,Merchant 265,63180670887539,4900,BR,,,No,0.037,Normal
M200265,Merchant 266,8829139499004,4900,BR,,,No,0.057,Normal
M200266,Merchant 267,64833479056761,5999,BR,,,No,0.032,Normal
M200267,Merchant 268,43780358326420,5812,BR,,,No,0.035,Normal
M200268,Merchant 269,17894561633013,7995,BR,,C102245,Yes,0.111,High
M200269,Merchant 270,71602226235148,4789,BR,,C100024,No,0.059,Normal
M200270,Merchant 271,44868499708333,4111,BR,,C101794,No,0.072,Normal
M200271,Merchant 272,64087007765932,6211,BR,,C100637,Yes,0.137,High
M200272,Merchant 273,50942458833644,4789,BR,,C101132,No,0.006,Normal
M200273,Merchant 274,44266764189782,5999,PT,,C100322,No,0.071,Normal
M200274,Merchant 275,5003901204435,5999,BR,,C100299,No,0.054,Normal
M200275,Merchant 276,51352453626256,4814,ES,,C100209,No,0.067,Normal
M200276,Merchant 277,48326266283921,6051,BR,,,Yes,0.119,High
M200277,Merchant 278,13834769643170,4814,BR,,,No,0.093,Normal
M200278,Merchant 279,74812846313653,4829,BR,,,Yes,0.084,High
M200279,Merchant 280,83726469634926,5732,BR,,,No,0.1,Normal
M200280,Merchant 281,21942443106062,5812,BR,,,No,0.055,Normal
M200281,Merchant 282,29325147786911,5812,US,,,No,0.013,Normal
M200282,Merchant 283,15524510435383,5999,BR,,,No,0.013,Normal
M200283,Merchant 284,77331488758444,6051,AE,,C101143,Yes,0.108,High
M200284,Merchant 285,33920764475406,6211,BR,,,No,0.01,High
M200285,Merchant 286,67096564834070,5945,BR,,,No,0.021,Normal
M200286,Merchant 287,1162977948787,5411,BR,,,No,0.098,Normal
M200287,Merchant 288,71781254861794,6051,BR,,C101206,No,0.078,High
M200288,Merchant 289,63589635032007,4900,BR,,,No,0.034,Normal
M200289,Merchant 290,55863778700286,4789,BR,,C102255,No,0.124,Normal
M200290,Merchant 291,27852468692969,4829,BR,,C101739,Yes,0.123,High
M200291,Merchant 292,51282994366814,4814,BR,,,No,0.057,Normal
M200292,Merchant 293,60503012893592,4829,BR,,,Yes,0.106,High
M200293,Merchant 294,80556255033384,4814,PT,,C101104,No,0.005,Normal
M200294,Merchant 295,95040343417532,5999,US,,C100067,No,0.014,Normal
M200295,Merchant 296,4306869411911,4900,US,,C101875,No,0.059,Normal
M200296,Merchant 297,36040153480515,6051,BR,,C100853,No,0.026,High
M200297,Merchant 298,5981351782286,5999,BR,,,No,0.088,Normal
M200298,Merchant 299,54996915624973,6051,BR,,C100851,Yes,0.139,High
M200299,Merchant 300,28417198418928,4111,BR,,,No,0.022,Normal
M200300,Merchant 301,63306342304639,4829,BR,,,No,0.034,High
M200301,Merchant 302,48364841384696,6011,US,,,Yes,0.086,High
M200302,Merchant 303,15352184809659,5999,GB,,,No,0.109,Normal
M200303,Merchant 304,94826752151602,5732,US,,,No,0.068,Normal
M200304,Merchant 305,62684366287781,5812,BR,,,No,0.029,Normal
M200305,Merchant 306,87597348528938,6051,BR,,,Yes,0.155,High
M200306,Merchant 307,4992477685005,5999,BR,,,No,0.008,Normal
M200307,Merchant 308,8801472621947,6051,BR,,C102135,No,0.081,High
M200308,Merchant 309,2334592241455,5999,GB,,C100789,No,0.022,Normal
M200309,Merchant 310,5706265156609,4829,BR,,,Yes,0.229,High
M200310,Merchant 311,33747475739474,4829,US,,,No,0.01,High
M200311,Merchant 312,13303802731472,7995,BR,,,No,0.048,High
M200312,Merchant 313,70360307767023,6211,BR,,,Yes,0.132,High
M200313,Merchant 314,98516995139528,5999,BR,,,No,0.017,Normal
M200314,Merchant 315,78443532301190,4814,BR,,,No,0.04,Normal
M200315,Merchant 316,59126696762927,4814,BR,,C101275,No,0.087,Normal
M200316,Merchant 317,59938184712779,5945,BR,,,No,0.047,Normal
M200317,Merchant 318,39506259409182,7995,BR,,,Yes,0.098,High
M200318,Merchant 319,21763905012446,6051,BR,,,No,0.081,High
M200319,Merchant 320,97700236736151,6211,BR,,C101781,Yes,0.132,High
M200320,Merchant 321,25682072265014,4814,PT,,,No,0.047,Normal
M200321,Merchant 322,35126151243327,4111,AE,,C101303,No,0.012,Normal
M200322,Merchant 323,24379692452543,5945,BR,,C100942,No,0.038,Normal
M200323,Merchant 324,81472327074828,5732,BR,,,No,0.027,Normal
M200324,Merchant 325,64604953864040,6011,BR,,C102220,Yes,0.127,High
M200325,Merchant 326,59831671625649,5945,BR,,,No,0.058,Normal
M200326,Merchant 327,72702395939034,5999,AE,,C100334,No,0.012,Normal
M200327,Merchant 328,56042947355875,7995,CN,,,Yes,0.102,High
M200328,Merchant 329,36147514810619,5411,BR,,,No,0.017,Normal
M200329,Merchant 330,34685788877807,6051,AE,,,Yes,0.119,High
M200330,Merchant 331,24959742965465,4789,BR,,,No,0.028,Normal
M200331,Merchant 332,93848490757073,6011,RU,,,Yes,0.086,High
M200332,Merchant 333,84845521976443,5812,BR,,,No,0.173,Normal
M200333,Merchant 334,11939257737229,6051,BR,,C100822,Yes,0.083,High
M200334,Merchant 335,68184011170553,4814,US,,C102068,No,0.027,Normal
M200335,Merchant 336,30587853014743,5999,BR,,C101162,No,0.034,Normal
M200336,Merchant 337,5020389979885,5732,YE,,C101712,No,0.024,Normal
M200337,Merchant 338,93942293251543,6211,BR,,C100490,No,0.002,High
M200338,Merchant 339,52964815138413,5999,US,,,No,0.108,Normal
M200339,Merchant 340,18357159586752,4789,BR,,C100155,No,0.016,Normal
M200340,Merchant 341,18314286833290,5945,BR,,,No,0.057,Normal
M200341,Merchant 342,58061043298829,4111,BR,,,No,0.009,Normal
M200342,Merchant 343,16518166000126,4111,BR,,C101998,No,0.006,Normal
M200343,Merchant 344,62364908074060,6051,US,,,No,0.03,High
M200344,Merchant 345,58877253688652,5411,BR,,,No,0.075,Normal
M200345,Merchant 346,51944023055349,4900,BR,,,No,0.04,Normal
M200346,Merchant 347,79393665579117,5999,BR,,C101066,No,0.014,Normal
M200347,Merchant 348,93028920907432,4789,BR,,,No,0.065,Normal
M200348,Merchant 349,49203014751350,6051,BR,,,No,0.007,High
M200349,Merchant 350,19716975912581,5411,BR,,,No,0.04,Normal
M200350,Merchant 351,89562241274306,4814,BR,,,No,0.019,Normal
M200351,Merchant 352,10717100514192,4829,BR,,,Yes,0.111,High
M200352,Merchant 353,77505627770078,5732,BR,,C101858,No,0.026,Normal
M200353,Merchant 354,7088300171643,4814,BR,,,No,0.012,Normal
M200354,Merchant 355,68945546658675,6211,BR,,,Yes,0.142,High
M200355,Merchant 356,98817611314958,6211,BR,,,Yes,0.084,High
M200356,Merchant 357,25048327900154,6051,BR,,,No,0.039,High
M200357,Merchant 358,57754664209745,7995,BR,,,Yes,0.1,High
M200358,Merchant 359,32208290890455,6011,BR,,C101656,Yes,0.1,High
M200359,Merchant 360,65229995328384,5411,BR,,,No,0.019,Normal
M200360,Merchant 361,98122335250909,4111,BR,,C101189,No,0.078,Normal
M200361,Merchant 362,87083518440245,5812,CN,,,No,0.102,Normal
M200362,Merchant 363,64194813571849,6051,BR,,C100867,Yes,0.12,High
M200363,Merchant 364,78486215801138,5999,IR,,,Yes,0.117,Normal
M200364,Merchant 365,51833451635349,5812,US,,,No,0.022,Normal
M200365,Merchant 366,20950303305064,5411,BR,,,No,0.056,Normal
M200366,Merchant 367,46374923603284,4814,BR,,,No,0.066,Normal
M200367,Merchant 368,55068203104451,6011,BR,,,No,0.021,High
M200368,Merchant 369,63760181032791,5411,CN,,C100994,No,0.062,Normal
M200369,Merchant 370,27782469026279,6051,BR,,,Yes,0.16,High
M200370,Merchant 371,92511140417667,4111,BR,,,No,0.021,Normal
M200371,Merchant 372,77569130389622,4900,BR,,,No,0.047,Normal
M200372,Merchant 373,94523174048055,5945,DE,,C101236,No,0.011,Normal
M200373,Merchant 374,64494116268379,5732,BR,,,No,0.107,Normal
M200374,Merchant 375,29298190258789,7995,GB,,C100104,Yes,0.178,High
M200375,Merchant 376,12153177148193,5411,BR,,,No,0.009,Normal
M200376,Merchant 377,89695150928561,4814,GB,,C100564,No,0.052,Normal
M200377,Merchant 378,4010903111781,6211,AE,,,No,0.045,High
M200378,Merchant 379,87822910545709,6051,BR,,,Yes,0.091,High
M200379,Merchant 380,21368274184853,6051,BR,,,No,0.048,High
M200380,Merchant 381,17366112106378,5945,BR,,,No,0.041,Normal
M200381,Merchant 382,60346293150584,5411,BR,,,No,0.01,Normal
M200382,Merchant 383,8542860340192,5999,BR,,,No,0.104,Normal
M200383,Merchant 384,59082861370764,5411,RU,,,No,0.089,Normal
M200384,Merchant 385,62514799192852,4900,GB,,,No,0.08,Normal
M200385,Merchant 386,59555916090800,4814,BR,,,No,0.049,Normal
M200386,Merchant 387,78106694277397,4829,DE,,,Yes,0.219,High
M200387,Merchant 388,81109300985866,4789,ES,,,No,0.044,Normal
M200388,Merchant 389,51188657257340,4829,CN,,,No,0.055,High
M200389,Merchant 390,84706789727918,5812,BR,,,No,0.023,Normal
M200390,Merchant 391,26029403265942,6051,IQ,,,Yes,0.107,High
M200391,Merchant 392,71942386555538,6211,BR,,,No,0.115,High
M200392,Merchant 393,38833862290699,4111,BR,,,No,0.064,Normal
M200393,Merchant 394,23281384572069,4900,BR,,,No,0.03,Normal
M200394,Merchant 395,75325123202120,5999,BR,,C101736,No,0.03,Normal
M200395,Merchant 396,90302709333209,5732,FR,,,No,0.029,Normal
M200396,Merchant 397,23752967119193,5411,BR,,,No,0.027,Normal
M200397,Merchant 398,70245138333921,4789,BR,,,No,0.041,Normal
M200398,Merchant 399,70778917858452,6051,BR,,C101522,No,0.063,High
M200399,Merchant 400,95990340139115,6011,AR,,C102493,Yes,0.097,High
M200400,Merchant 401,72701718964775,4111,BR,,C102241,No,0.033,Normal
M200401,Merchant 402,77629029194807,5999,BR,,,No,0.033,Normal
M200402,Merchant 403,18240966882219,4789,BR,,,No,0.038,Normal
M200403,Merchant 404,50519756035112,6011,BR,,,Yes,0.144,High
M200404,Merchant 405,44135646735957,7995,BR,,,Yes,0.188,High
M200405,Merchant 406,77699869429598,6211,AE,,,No,0.066,High
M200406,Merchant 407,94592393610302,7995,BR,,C102124,Yes,0.112,High
M200407,Merchant 408,45916882426513,6011,BR,,C100465,Yes,0.172,High
M200408,Merchant 409,29043362877691,5945,US,,,No,0.033,Normal
M200409,Merchant 410,14707259996107,4111,ES,,,No,0.04,Normal
M200410,Merchant 411,3433474549827,5945,GB,,C100944,No,0.1,Normal
M200411,Merchant 412,19762795988293,6011,BR,,,No,0.08,High
M200412,Merchant 413,99643475033612,6051,BR,,C101988,Yes,0.117,High
M200413,Merchant 414,18624112207544,5999,BR,,,No,0.028,Normal
M200414,Merchant 415,32375463780129,6051,BR,,,Yes,0.15,High
M200415,Merchant 416,76707585451857,7995,DE,,C101281,Yes,0.12,High
M200416,Merchant 417,97108231594829,6211,BR,,,Yes,0.121,High
M200417,Merchant 418,99013821566615,5732,BR,,,No,0.046,Normal
M200418,Merchant 419,59850122986099,7995,BR,,,Yes,0.121,High
M200419,Merchant 420,96332747173113,4829,BR,,,Yes,0.138,High
M200420,Merchant 421,80717499909905,5945,BR,,C102025,No,0.024,Normal
M200421,Merchant 422,60513277568083,4789,BR,,,No,0.054,Normal
M200422,Merchant 423,77816457715051,6011,BR,,C101143,No,0.022,High
M200423,Merchant 424,29609986018787,6011,BR,,,Yes,0.151,High
M200424,Merchant 425,82383691363657,4111,BR,,C100052,No,0.086,Normal
M200425,Merchant 426,12664473068341,6051,BR,,C101515,Yes,0.102,High
M200426,Merchant 427,44623464011047,6051,BR,,,Yes,0.164,High
M200427,Merchant 428,35975416527339,6011,BR,,,No,0.023,High
M200428,Merchant 429,96766938914445,5732,BR,,,No,0.017,Normal
M200429,Merchant 430,21178567444015,6011,BR,,,Yes,0.126,High
M200430,Merchant 431,48160171646578,4900,BR,,C100428,No,0.023,Normal
M200431,Merchant 432,73701279226778,5732,MM,,C102180,No,0.083,Normal
M200432,Merchant 433,95236833357381,6051,BR,,,No,0.053,High
M200433,Merchant 434,6741339056766,5945,US,,C100620,No,0.008,Normal
M200434,Merchant 435,91436876914098,4829,FR,,,Yes,0.156,High
M200435,Merchant 436,59415588919766,7995,BR,,,Yes,0.139,High
M200436,Merchant 437,52668857260749,5999,DE,,C101859,No,0.09,Normal
M200437,Merchant 438,82701250441840,4789,BR,,C101494,No,0.024,Normal
M200438,Merchant 439,44701340118402,7995,AF,,,Yes,0.134,High
M200439,Merchant 440,50945231414776,4900,BR,,C100141,No,0.048,Normal
M200440,Merchant 441,6570235021163,6051,BR,,C101625,No,0.04,High
M200441,Merchant 442,68499934900420,4789,CN,,,No,0.123,Normal
M200442,Merchant 443,83698036421236,5945,BR,,,No,0.026,Normal
M200443,Merchant 444,28201487802770,4900,BR,,C100406,No,0.046,Normal
M200444,Merchant 445,4064092273681,5732,BR,,,No,0.061,Normal
M200445,Merchant 446,78594631977002,4789,BR,,,No,0.031,Normal
M200446,Merchant 447,17186398215201,5732,BR,,,No,0.012,Normal
M200447,Merchant 448,66672211803508,7995,BR,,,Yes,0.106,High
M200448,Merchant 449,43364039202847,6211,BR,,C101220,No,0.023,High
M200449,Merchant 450,75301784592280,5411,FR,,,No,0.064,Normal
M200450,Merchant 451,29142123451221,4900,BR,,,No,0.079,Normal
M200451,Merchant 452,15834355240836,6051,BR,,,No,0.074,High
M200452,Merchant 453,41084507241965,4814,BR,,,No,0.064,Normal
M200453,Merchant 454,10309205970180,5999,BR,,C101090,No,0.029,Normal
M200454,Merchant 455,90455016691055,4111,BY,,,No,0.013,Normal
M200455,Merchant 456,14073466807646,4789,BR,,,No,0.058,Normal
M200456,Merchant 457,90754591982763,5999,IR,,C101330,Yes,0.084,Normal
M200457,Merchant 458,7546228257871,4814,US,,,No,0.018,Normal
M200458,Merchant 459,7833818140767,4814,BR,,,No,0.033,Normal
M200459,Merchant 460,67500581973467,4814,BR,,,No,0.067,Normal
M200460,Merchant 461,27943098366986,4829,BR,,,No,0.017,High
M200461,Merchant 462,11712066261647,5945,BR,,,No,0.012,Normal
M200462,Merchant 463,99793148853700,5812,BR,,,No,0.032,Normal
M200463,Merchant 464,52048301273086,4111,BR,,,No,0.084,Normal
M200464,Merchant 465,23157507867138,4900,BR,,,No,0.063,Normal
M200465,Merchant 466,49870169217959,5732,BR,,C102246,No,0.028,Normal
M200466,Merchant 467,23823737969220,5945,BR,,,No,0.009,Normal
M200467,Merchant 468,57256287988003,6051,DE,,,Yes,0.146,High
M200468,Merchant 469,31776236410931,6011,BR,,,No,0.053,High
M200469,Merchant 470,44668826181343,5945,BR,,,No,0.099,Normal
M200470,Merchant 471,49436099959428,4900,BR,,,No,0.005,Normal
M200471,Merchant 472,11196629186162,5945,BR,,C100780,No,0.011,Normal
M200472,Merchant 473,56781072036474,6211,BR,,,No,0.048,High
M200473,Merchant 474,71684115766547,5999,BR,,C100268,No,0.035,Normal
M200474,Merchant 475,73683879065637,5999,BR,,,No,0.023,Normal
M200475,Merchant 476,91583300142814,5999,AE,,,No,0.087,Normal
M200476,Merchant 477,43363392480339,5411,BR,,,No,0.041,Normal
M200477,Merchant 478,59238344011940,5732,BR,,C100814,No,0.083,Normal
M200478,Merchant 479,60387779590369,6211,BR,,C101756,No,0.059,High
M200479,Merchant 480,2286140286657,5812,BR,,,No,0.026,Normal
M200480,Merchant 481,55795743238524,5411,BR,,,No,0.034,Normal
M200481,Merchant 482,26244683105854,4814,BR,,C100193,No,0.084,Normal
M200482,Merchant 483,1234560465389,5732,BR,,,No,0.039,Normal
M200483,Merchant 484,59133988849469,4814,BR,,,No,0.032,Normal
M200484,Merchant 485,9928969025052,6211,BR,,,No,0.059,High
M200485,Merchant 486,51635275769642,4829,BY,,C100542,Yes,0.107,High
M200486,Merchant 487,94055449864061,5945,BR,,,No,0.06,Normal
M200487,Merchant 488,45831393114714,6051,BR,,C102190,Yes,0.109,High
M200488,Merchant 489,84703517524880,5812,BR,,,No,0.066,Normal
M200489,Merchant 490,6482890479386,6211,BR,,C100053,No,0.036,High
M200490,Merchant 491,24004382347654,5945,BR,,,No,0.066,Normal
M200491,Merchant 492,81683267161232,4789,BR,,C101848,No,0.033,Normal
M200492,Merchant 493,56566413559780,4829,BR,,C100742,No,0.035,High
M200493,Merchant 494,87627429974533,5812,BR,,,No,0.044,Normal
M200494,Merchant 495,23137505799190,6011,BR,,,Yes,0.141,High
M200495,Merchant 496,40161874652389,5999,BR,,C101237,No,0.029,Normal
M200496,Merchant 497,87989152227707,5411,BR,,,No,0.033,Normal
M200497,Merchant 498,67874482043137,5812,BR,,,No,0.042,Normal
M200498,Merchant 499,81959037145219,6211,FR,,,Yes,0.121,High
M200499,Merchant 500,64228355752600,4829,LY,,,No,0.078,High
M200500,Merchant 501,72677202140974,6211,AR,,,No,0.047,High
M200501,Merchant 502,51915074987654,6051,BR,,C100470,Yes,0.083,High
M200502,Merchant 503,64440631627639,6211,PT,,,Yes,0.16,High
M200503,Merchant 504,48482002949063,4789,ES,,C102420,No,0.025,Normal
M200504,Merchant 505,2987173681631,4111,BR,,,No,0.098,Normal
M200505,Merchant 506,18316305265916,6051,BR,,,Yes,0.148,High
M200506,Merchant 507,5872041088056,5812,BR,,C102257,No,0.016,Normal
M200507,Merchant 508,58217557196338,5945,BR,,C102048,No,0.005,Normal
M200508,Merchant 509,16235978625310,4111,BR,,,No,0.059,Normal
M200509,Merchant 510,22253075276131,4829,BR,,C100172,No,0.031,High
M200510,Merchant 511,21073210878125,5945,BR,,,No,0.01,Normal
M200511,Merchant 512,4541343633633,6011,BR,,C102260,Yes,0.134,High
M200512,Merchant 513,74687396558619,4111,BR,,,No,0.229,Normal
M200513,Merchant 514,27086965378545,4789,US,,C102124,No,0.082,Normal
M200514,Merchant 515,79151444426443,6211,BR,,,No,0.094,High
M200515,Merchant 516,21564639366236,5945,BR,,,No,0.088,Normal
M200516,Merchant 517,98356715177360,4789,BR,,,No,0.007,Normal
M200517,Merchant 518,40998461306529,5812,BR,,,No,0.025,Normal
M200518,Merchant 519,39223994761056,5411,BR,,,No,0.115,Normal
M200519,Merchant 520,75916571271496,4814,GB,,,No,0.008,Normal
M200520,Merchant 521,70754201803229,4829,PT,,,No,0.057,High
M200521,Merchant 522,65725108783932,5411,BR,,,No,0.029,Normal
M200522,Merchant 523,72739456877376,5411,BR,,,No,0.013,Normal
M200523,Merchant 524,97902679642266,4111,BR,,,No,0.035,Normal
M200524,Merchant 525,96238556864472,5732,GB,,C100310,No,0.044,Normal
M200525,Merchant 526,79196865541316,6011,BR,,,No,0.039,High
M200526,Merchant 527,94933330334503,5999,PT,,C101077,No,0.141,Normal
M200527,Merchant 528,59284118258496,7995,DE,,C102233,No,0.113,High
M200528,Merchant 529,33854051839522,5411,BR,,,No,0.057,Normal
M200529,Merchant 530,58159651238856,6051,BR,,C100617,No,0.079,High
M200530,Merchant 531,31173643363972,6211,BR,,C101423,Yes,0.099,High
M200531,Merchant 532,89069177451514,4829,BR,,,No,0.124,High
M200532,Merchant 533,5832378098540,6051,BR,,,No,0.029,High
M200533,Merchant 534,28357825881446,5999,BR,,,No,0.03,Normal
M200534,Merchant 535,94287245369040,6211,BR,,,Yes,0.146,High
M200535,Merchant 536,77808862956471,5732,MM,,C100024,Yes,0.159,Normal
M200536,Merchant 537,48868956711105,5732,BR,,,No,0.032,Normal
M200537,Merchant 538,11091743277523,5999,BR,,,No,0.081,Normal
M200538,Merchant 539,65556965339673,6011,BR,,,No,0.129,High
M200539,Merchant 540,64364544021962,5812,BR,,,No,0.027,Normal
M200540,Merchant 541,16538846128199,6051,ES,,,No,0.036,High
M200541,Merchant 542,41035904294533,5999,BR,,,No,0.021,Normal
M200542,Merchant 543,86509619849885,4789,BR,,,No,0.018,Normal
M200543,Merchant 544,83811275822841,4111,CN,,C100244,No,0.07,Normal
M200544,Merchant 545,42362803275409,5945,BR,,,No,0.028,Normal
M200545,Merchant 546,39715543545242,7995,AR,,,No,0.029,High
M200546,Merchant 547,43676967664850,6211,BR,,C102215,Yes,0.097,High
M200547,Merchant 548,49694104087063,5812,BR,,C101619,No,0.008,Normal
M200548,Merchant 549,82675521748953,4814,BR,,C102366,No,0.021,Normal
M200549,Merchant 550,7461916990056,4789,BR,,,No,0.058,Normal
M200550,Merchant 551,75984167131574,4829,BR,,,No,0.007,High
M200551,Merchant 552,94439778108164,5411,BR,,C101043,No,0.02,Normal
M200552,Merchant 553,63698696607840,6211,BR,,,Yes,0.119,High
M200553,Merchant 554,88834049765599,5812,BR,,,No,0.021,Normal
M200554,Merchant 555,60141824988140,4829,BR,,,Yes,0.142,High
M200555,Merchant 556,3477835367231,7995,BR,,,Yes,0.19,High
M200556,Merchant 557,77949219530671,5999,RU,,,No,0.001,Normal
M200557,Merchant 558,54774303685212,5999,YE,,,No,0.029,Normal
M200558,Merchant 559,8297912950458,5732,BR,,,No,0.017,Normal
M200559,Merchant 560,6746280235282,4111,GB,,,No,0.079,Normal
M200560,Merchant 561,7994426177009,4829,BR,,,No,0.095,High
M200561,Merchant 562,36318626865589,4111,BR,,,No,0.022,Normal
M200562,Merchant 563,25379614350621,6211,BR,,,Yes,0.103,High
M200563,Merchant 564,92891124092588,4814,AR,,,No,0.042,Normal
M200564,Merchant 565,65265614338620,5812,BR,,C102139,No,0.022,Normal
M200565,Merchant 566,79533480880108,5411,BR,,,No,0.031,Normal
M200566,Merchant 567,163265138354,5945,BR,,C102111,No,0.092,Normal
M200567,Merchant 568,42751186101878,7995,BR,,C100070,No,0.037,High
M200568,Merchant 569,52289804010530,6051,BR,,C102339,No,0.056,High
M200569,Merchant 570,48362868926787,6051,BR,,C102497,Yes,0.131,High
M200570,Merchant 571,73591003537014,4900,BR,,C100763,No,0.037,Normal
M200571,Merchant 572,67634558226610,5732,BR,,,No,0.058,Normal
M200572,Merchant 573,58393546711849,4789,ES,,,No,0.042,Normal
M200573,Merchant 574,23525763808564,5945,BR,,,No,0.033,Normal
M200574,Merchant 575,50769044096275,6211,BR,,,No,0.064,High
M200575,Merchant 576,45002386541652,4900,BR,,C101557,No,0.057,Normal
M200576,Merchant 577,33669459414523,4829,BR,,C101324,Yes,0.096,High
M200577,Merchant 578,48881248947613,5812,RU,,C102263,No,0.027,Normal
M200578,Merchant 579,55830097250286,5999,BR,,,No,0.035,Normal
M200579,Merchant 580,1969126747959,4111,BR,,,No,0.099,Normal
M200580,Merchant 581,17687759261583,5999,BR,,C102199,No,0.017,Normal
M200581,Merchant 582,43636443769951,5812,BR,,,No,0.1,Normal
M200582,Merchant 583,97354649823141,7995,BR,,,No,0.108,High
M200583,Merchant 584,6129850403057,4829,BR,,C100628,No,0.045,High
M200584,Merchant 585,66076381783532,4814,BR,,,No,0.022,Normal
M200585,Merchant 586,93512532290652,6051,BR,,,Yes,0.09,High
M200586,Merchant 587,95126809598256,4111,BR,,,No,0.017,Normal
M200587,Merchant 588,12657021899334,4789,BR,,,No,0.011,Normal
M200588,Merchant 589,95587194684459,5999,US,,,No,0.003,Normal
M200589,Merchant 590,77849733808436,4814,BR,,,No,0.049,Normal
M200590,Merchant 591,54678103295542,4829,BR,,C100347,No,0.056,High
M200591,Merchant 592,64051395297192,5411,BR,,,No,0.027,Normal
M200592,Merchant 593,63764673636633,4814,BR,,C100958,No,0.037,Normal
M200593,Merchant 594,63550326721973,4829,BR,,,Yes,0.109,High
M200594,Merchant 595,3314352583782,5945,BR,,C101129,No,0.036,Normal
M200595,Merchant 596,60144351389510,4789,DE,,,No,0.037,Normal
M200596,Merchant 597,4794189212304,6051,BR,,,Yes,0.171,High
M200597,Merchant 598,11157439139972,4829,PT,,,Yes,0.101,High
M200598,Merchant 599,85967510367428,6011,BR,,,No,0.066,High
M200599,Merchant 600,38818495680635,5732,BR,,,No,0.04,Normal
M200600,Merchant 601,139042934949,7995,PT,,,Yes,0.158,High
M200601,Merchant 602,48090644370706,4789,BR,,,No,0.044,Normal
M200602,Merchant 603,35599929281096,4789,BR,,,No,0.045,Normal
M200603,Merchant 604,49898394464425,5999,BR,,,No,0.015,Normal
M200604,Merchant 605,56468221451458,5411,PT,,,No,0.05,Normal
M200605,Merchant 606,76962916775311,4900,BR,,C100493,No,0.041,Normal
M200606,Merchant 607,67139055388285,4829,BR,,C102251,Yes,0.107,High
M200607,Merchant 608,52877924107514,4900,BR,,C101355,No,0.096,Normal
M200608,Merchant 609,34004197520014,5999,RU,,,No,0.042,Normal
M200609,Merchant 610,22421785104643,4789,BR,,,No,0.096,Normal
M200610,Merchant 611,47174001351409,4814,AE,,C101879,No,0.029,Normal
M200611,Merchant 612,12268492273560,6051,BR,,C101859,Yes,0.176,High
M200612,Merchant 613,47498321744368,4829,BR,,C100428,No,0.022,High
M200613,Merchant 614,12494746085755,5732,BR,,,No,0.044,Normal
M200614,Merchant 615,40452833211503,4111,BR,,,No,0.101,Normal
M200615,Merchant 616,27414589367734,7995,US,,C100128,No,0.021,High
M200616,Merchant 617,61901577736226,4829,BR,,C100376,Yes,0.114,High
M200617,Merchant 618,63838432572404,5999,BR,,,No,0.03,Normal
M200618,Merchant 619,27600445155469,6011,BR,,,No,0.027,High
M200619,Merchant 620,90364550614838,5999,BR,,C102126,No,0.014,Normal
M200620,Merchant 621,88635055727604,4814,BR,,,No,0.06,Normal
M200621,Merchant 622,39339564942821,4789,BR,,,No,0.058,Normal
M200622,Merchant 623,87148034083586,5945,CN,,C102135,No,0.026,Normal
M200623,Merchant 624,23991661348306,4900,BR,,,No,0.044,Normal
M200624,Merchant 625,55536824293900,5411,BR,,,No,0.07,Normal
M200625,Merchant 626,39902805392114,5812,BR,,,No,0.019,Normal
M200626,Merchant 627,72934098477319,4789,ES,,,No,0.024,Normal
M200627,Merchant 628,49222788912742,4111,DE,,,No,0.065,Normal
M200628,Merchant 629,68534749512448,4900,BR,,,No,0.017,Normal
M200629,Merchant 630,28653719203775,5411,BR,,,No,0.026,Normal
M200630,Merchant 631,25090403071889,5732,BR,,,No,0.022,Normal
M200631,Merchant 632,46329929340268,5732,BR,,,No,0.097,Normal
M200632,Merchant 633,35416905915861,4900,BR,,,No,0.022,Normal
M200633,Merchant 634,23920643786640,5945,BR,,,No,0.105,Normal
M200634,Merchant 635,31215307642814,5411,BR,,,No,0.052,Normal
M200635,Merchant 636,71203336014969,5411,BR,,,No,0.044,Normal
M200636,Merchant 637,22468723501968,6211,BR,,,No,0.024,High
M200637,Merchant 638,76360568562355,7995,BR,,,No,0.079,High
M200638,Merchant 639,33160566761943,4814,BR,,,No,0.056,Normal
M200639,Merchant 640,43570187141132,5999,BR,,,No,0.018,Normal
M200640,Merchant 641,2050443065360,7995,BR,,C101551,No,0.029,High
M200641,Merchant 642,19457805012437,5812,BR,,C100462,No,0.019,Normal
M200642,Merchant 643,17105940660682,4900,BR,,C101676,No,0.132,Normal
M200643,Merchant 644,35098359677330,5732,BR,,C101215,No,0.025,Normal
M200644,Merchant 645,23550438917232,6011,BR,,C100729,No,0.016,High
M200645,Merchant 646,45155953900937,5999,BR,,C100544,No,0.064,Normal
M200646,Merchant 647,21668276006531,5812,BR,,C101113,No,0.053,Normal
M200647,Merchant 648,83658744283927,5999,BR,,C100080,No,0.041,Normal
M200648,Merchant 649,65954651046259,4789,BR,,,No,0.056,Normal
M200649,Merchant 650,21346894828271,4111,BR,,C102283,No,0.059,Normal
M200650,Merchant 651,79973385805591,5999,BR,,,No,0.059,Normal
M200651,Merchant 652,99085666210569,5411,AE,,,No,0.06,Normal
M200652,Merchant 653,13659170287502,4829,US,,,Yes,0.138,High
M200653,Merchant 654,91770605484536,4900,BR,,,No,0.105,Normal
M200654,Merchant 655,31389681301296,7995,BR,,,Yes,0.102,High
M200655,Merchant 656,9930652805000,6011,DE,,,No,0.012,High
M200656,Merchant 657,88257836559813,4111,BR,,,No,0.071,Normal
M200657,Merchant 658,26346673514704,5732,BR,,C101364,No,0.026,Normal
M200658,Merchant 659,8980791951208,7995,DE,,C101673,No,0.076,High
M200659,Merchant 660,19854473062462,7995,BR,,C101962,Yes,0.097,High
M200660,Merchant 661,21314405238528,5999,BR,,,No,0.061,Normal
M200661,Merchant 662,68017819857040,4111,BR,,C102343,No,0.062,Normal
M200662,Merchant 663,62972413135120,5411,BR,,C101546,No,0.013,Normal
M200663,Merchant 664,36617935958347,4900,BR,,C101654,No,0.014,Normal
M200664,Merchant 665,83823023868303,4814,BR,,C100222,No,0.056,Normal
M200665,Merchant 666,27518427959025,4789,BR,,,No,0.022,Normal
M200666,Merchant 667,87615407279116,5812,US,,,No,0.019,Normal
M200667,Merchant 668,80938490975804,4829,GB,,,No,0.071,High
M200668,Merchant 669,3300459192316,4814,BR,,,No,0.02,Normal
M200669,Merchant 670,31535382507900,5812,BR,,,No,0.039,Normal
M200670,Merchant 671,46713463874898,7995,BR,,,Yes,0.13,High
M200671,Merchant 672,24594561826529,4111,BR,,C100135,No,0.044,Normal
M200672,Merchant 673,7674323287275,6211,BR,,,No,0.011,High
M200673,Merchant 674,77305109705451,4111,BR,,,No,0.122,Normal
M200674,Merchant 675,93300868003155,4789,BR,,,No,0.033,Normal
M200675,Merchant 676,419854616387,4829,FR,,,Yes,0.111,High
M200676,Merchant 677,35530677162299,5945,BR,,C101180,No,0.033,Normal
M200677,Merchant 678,88362391441418,4111,BR,,C100547,No,0.034,Normal
M200678,Merchant 679,11434924977281,4900,BR,,,No,0.012,Normal
M200679,Merchant 680,8764102937699,5411,CN,,,No,0.023,Normal
M200680,Merchant 681,61725872599175,5411,BR,,C101001,No,0.049,Normal
M200681,Merchant 682,38228638126666,4814,BR,,,No,0.03,Normal
M200682,Merchant 683,44750170105974,7995,RU,,,Yes,0.088,High
M200683,Merchant 684,47158856793523,4829,US,,C100106,No,0.043,High
M200684,Merchant 685,31549548912375,4900,MM,,,No,0.036,Normal
M200685,Merchant 686,10643873026339,4111,BR,,,No,0.018,Normal
M200686,Merchant 687,64184355090914,6211,BR,,,No,0.063,High
M200687,Merchant 688,45512417569885,5732,KP,,,Yes,0.183,Normal
M200688,Merchant 689,48633128628328,6211,BR,,C100028,Yes,0.197,High
M200689,Merchant 690,15448945084261,4814,BR,,,No,0.092,Normal
M200690,Merchant 691,27604778203005,6051,BR,,C100687,No,0.011,High
M200691,Merchant 692,46229899790777,7995,US,,,Yes,0.174,High
M200692,Merchant 693,84871761038051,5732,BR,,,No,0.022,Normal
M200693,Merchant 694,57669970792122,5812,SY,,,Yes,0.106,Normal
M200694,Merchant 695,53462195349483,6011,ES,,C100890,No,0.122,High
M200695,Merchant 696,94716763687327,5732,BR,,,No,0.043,Normal
M200696,Merchant 697,68602865500174,4111,BR,,C101893,No,0.021,Normal
M200697,Merchant 698,80140791572674,6011,BR,,,No,0.095,High
M200698,Merchant 699,9592410154525,7995,ES,,C102355,No,0.059,High
M200699,Merchant 700,50470020759659,5999,BR,,,No,0.039,Normal
M200700,Merchant 701,55766273448452,5411,BR,,,No,0.013,Normal
M200701,Merchant 702,21552527280128,4829,BR,,,No,0.017,High
M200702,Merchant 703,5989828217461,4829,BR,,,Yes,0.146,High
M200703,Merchant 704,20477449065170,6011,BR,,,No,0.061,High
M200704,Merchant 705,75718935690606,5812,BR,,C101605,No,0.005,Normal
M200705,Merchant 706,16165300835198,4111,DE,,,No,0.045,Normal
M200706,Merchant 707,31355940846699,5999,BR,,,No,0.143,Normal
M200707,Merchant 708,94753909755982,4900,BR,,,No,0.084,Normal
M200708,Merchant 709,95998403328778,4814,BR,,,No,0.022,Normal
M200709,Merchant 710,97479901512216,4900,BR,,C100778,No,0.004,Normal
M200710,Merchant 711,59054398809069,4111,BR,,C101520,No,0.047,Normal
M200711,Merchant 712,85238083958645,7995,US,,,No,0.056,High
M200712,Merchant 713,63153869648465,4111,DE,,C101903,No,0.054,Normal
M200713,Merchant 714,6088006094857,6211,BR,,C100627,Yes,0.098,High
M200714,Merchant 715,895799468867,5732,CN,,C102041,No,0.035,Normal
M200715,Merchant 716,75639244734568,5945,BR,,,No,0.166,Normal
M200716,Merchant 717,2589778760279,5945,BR,,,No,0.017,Normal
M200717,Merchant 718,88069837086215,5999,YE,,C100280,No,0.066,Normal
M200718,Merchant 719,1238902843155,4829,BR,,,No,0.066,High
M200719,Merchant 720,76061397853970,5411,BR,,,No,0.026,Normal
M200720,Merchant 721,80002750781222,4789,AE,,,No,0.043,Normal
M200721,Merchant 722,20120003110600,7995,BR,,,No,0.045,High
M200722,Merchant 723,869173111592,5411,BR,,,No,0.046,Normal
M200723,Merchant 724,9312710589939,4814,US,,,No,0.017,Normal
M200724,Merchant 725,26309037730709,4789,BR,,,No,0.019,Normal
M200725,Merchant 726,27567688003429,5999,BR,,C100734,No,0.052,Normal
M200726,Merchant 727,46281740846169,5812,BR,,C102216,No,0.09,Normal
M200727,Merchant 728,96002103409568,5411,BR,,C100743,No,0.102,Normal
M200728,Merchant 729,28409208102452,5999,BR,,,No,0.059,Normal
M200729,Merchant 730,66454061363462,4111,BR,,,No,0.042,Normal
M200730,Merchant 731,35484437290047,4789,US,,,No,0.137,Normal
M200731,Merchant 732,49114113195091,5411,BR,,C101725,No,0.059,Normal
M200732,Merchant 733,51125626492208,4789,BR,,C100745,No,0.011,Normal
M200733,Merchant 734,50273361216156,6051,BR,,,No,0.056,High
M200734,Merchant 735,28443019060917,6051,BR,,C100049,Yes,0.098,High
M200735,Merchant 736,69550719208464,5732,BR,,C100619,No,0.03,Normal
M200736,Merchant 737,13927909874737,4111,BR,,C101294,No,0.039,Normal
M200737,Merchant 738,83558164035842,6211,US,,,No,0.039,High
M200738,Merchant 739,99524749973278,5999,BR,,,No,0.013,Normal
M200739,Merchant 740,82538964459049,7995,AE,,C102464,Yes,0.125,High
M200740,Merchant 741,96179271455332,5411,PT,,,No,0.019,Normal
M200741,Merchant 742,81252776260114,5945,BR,,,No,0.025,Normal
M200742,Merchant 743,29821091749951,6051,US,,C101359,No,0.017,High
M200743,Merchant 744,99153484153457,5732,BR,,,No,0.021,Normal
M200744,Merchant 745,41716910376785,5411,BR,,C100942,No,0.112,Normal
M200745,Merchant 746,81700514838873,5411,BR,,,No,0.036,Normal
M200746,Merchant 747,46161677880790,4829,FR,,,Yes,0.088,High
M200747,Merchant 748,72050227669014,5999,BR,,,No,0.044,Normal
M200748,Merchant 749,84134876057899,4814,BR,,,No,0.061,Normal
M200749,Merchant 750,21936874483911,6051,BR,,,No,0.023,High
M200750,Merchant 751,84956449117723,5945,BR,,,No,0.038,Normal
M200751,Merchant 752,15167954067948,4814,BR,,C101385,No,0.116,Normal
M200752,Merchant 753,25620476533389,5945,BR,,C100096,No,0.027,Normal
M200753,Merchant 754,95656177415743,4111,BR,,C101988,No,0.03,Normal
M200754,Merchant 755,66638694487416,5732,BR,,C100209,No,0.064,Normal
M200755,Merchant 756,41103167439541,4789,BR,,,No,0.025,Normal
M200756,Merchant 757,58261735638115,4900,BR,,,No,0.04,Normal
M200757,Merchant 758,3290183588145,6011,BR,,,No,0.051,High
M200758,Merchant 759,27458698056931,4111,AE,,,No,0.11,Normal
M200759,Merchant 760,94191629778495,5411,BR,,,No,0.133,Normal
M200760,Merchant 761,54242494683918,4829,DE,,,No,0.028,High
M200761,Merchant 762,15016928876133,4829,ES,,,Yes,0.081,High
M200762,Merchant 763,33308576953223,4814,BR,,,No,0.103,Normal
M200763,Merchant 764,37134093393173,6011,BR,,C100539,No,0.037,High
M200764,Merchant 765,33610790223762,4829,BR,,,No,0.054,High
M200765,Merchant 766,63599360777734,5945,BR,,,No,0.028,Normal
M200766,Merchant 767,24136259609690,4900,BR,,,No,0.044,Normal
M200767,Merchant 768,99732414899463,5812,AE,,,No,0.097,Normal
M200768,Merchant 769,884925735445,6011,BR,,,Yes,0.14,High
M200769,Merchant 770,17262356091172,4900,BR,,C100164,No,0.016,Normal
M200770,Merchant 771,94789189183522,6211,BR,,C102438,No,0.079,High
M200771,Merchant 772,28610403087266,4829,BR,,,Yes,0.133,High
M200772,Merchant 773,54104228888421,4814,BR,,C101697,No,0.019,Normal
M200773,Merchant 774,28448102322275,5732,BR,,C101074,No,0.1,Normal
M200774,Merchant 775,57033005164313,4829,BR,,C102081,Yes,0.144,High
M200775,Merchant 776,26838510372203,7995,BR,,,No,0.016,High
M200776,Merchant 777,64659070306478,4789,LY,,,No,0.006,Normal
M200777,Merchant 778,42293145872105,4111,BR,,,No,0.052,Normal
M200778,Merchant 779,33248386736037,4829,PT,,,No,0.048,High
M200779,Merchant 780,95487658804504,7995,BR,,C100639,Yes,0.093,High
M200780,Merchant 781,44342868749309,5945,AE,,C100946,No,0.113,Normal
M200781,Merchant 782,29269413012489,5999,BR,,C102102,No,0.008,Normal
M200782,Merchant 783,54587821820731,4814,BR,,,No,0.089,Normal
M200783,Merchant 784,75782603197415,6011,BR,,,Yes,0.129,High
M200784,Merchant 785,73350759762197,6211,BR,,C100894,Yes,0.111,High
M200785,Merchant 786,78233694023128,6211,BR,,,Yes,0.168,High
M200786,Merchant 787,5090699744280,4900,BR,,,No,0.031,Normal
M200787,Merchant 788,71718511939373,6051,DE,,,No,0.095,High
M200788,Merchant 789,7149105905595,5999,AR,,C102253,No,0.059,Normal
M200789,Merchant 790,61948102346694,6211,BR,,C100268,No,0.008,High
M200790,Merchant 791,64453102042985,4111,DE,,C100017,No,0.04,Normal
M200791,Merchant 792,46393952312305,4789,BR,,,No,0.051,Normal
M200792,Merchant 793,54808831422618,5945,US,,,No,0.084,Normal
M200793,Merchant 794,50827190446875,4789,BR,,,No,0.026,Normal
M200794,Merchant 795,39592723068660,4111,BR,,,No,0.085,Normal
M200795,Merchant 796,90235405170993,4829,BR,,,Yes,0.125,High
M200796,Merchant 797,9249928619704,4814,BR,,,No,0.064,Normal
M200797,Merchant 798,33722045394902,4829,BR,,,No,0.106,High
M200798,Merchant 799,85862128335207,4789,BR,,,No,0.013,Normal
M200799,Merchant 800,75643349908906,6011,DE,,,Yes,0.109,High
M200800,Merchant 801,76792820399451,5812,ES,,C100588,No,0.019,Normal
M200801,Merchant 802,8827970394003,4789,BR,,C102345,No,0.03,Normal
M200802,Merchant 803,47081886432277,5812,BR,,,No,0.026,Normal
M200803,Merchant 804,79083281483369,5411,BR,,C101820,No,0.087,Normal
M200804,Merchant 805,36893578233114,6011,ES,,C100796,No,0.017,High
M200805,Merchant 806,78815356454860,4814,BR,,,No,0.062,Normal
M200806,Merchant 807,29773822588871,5812,BR,,,No,0.046,Normal
M200807,Merchant 808,59307197255232,5411,BR,,C100628,No,0.058,Normal
M200808,Merchant 809,75560499972469,5999,PT,,C101243,No,0.045,Normal
M200809,Merchant 810,22206545126666,4789,BR,,C101042,No,0.077,Normal
M200810,Merchant 811,56498361399831,4900,US,,C100358,No,0.071,Normal
M200811,Merchant 812,78731195909017,6011,BR,,,No,0.052,High
M200812,Merchant 813,74666370360287,5999,BR,,,No,0.146,Normal
M200813,Merchant 814,13688099637684,5411,PT,,,No,0.033,Normal
M200814,Merchant 815,7942731369646,4814,DE,,,No,0.085,Normal
M200815,Merchant 816,71668089653450,5999,SY,,,No,0.033,Normal
M200816,Merchant 817,1022944954890,5812,BR,,,No,0.046,Normal
M200817,Merchant 818,83863478606399,4814,BR,,,No,0.043,Normal
M200818,Merchant 819,60166869076323,6211,BR,,C101722,Yes,0.092,High
M200819,Merchant 820,11460984376125,5945,AE,,,No,0.07,Normal
M200820,Merchant 821,32678449926041,5812,BR,,C102309,No,0.016,Normal
M200821,Merchant 822,19405769109972,5945,FR,,,No,0.044,Normal
M200822,Merchant 823,94118292288743,5945,BR,,C101797,No,0.055,Normal
M200823,Merchant 824,16872745745866,4814,BR,,,No,0.093,Normal
M200824,Merchant 825,61185322225924,7995,BR,,,No,0.04,High
M200825,Merchant 826,99778885012280,5732,KP,,,Yes,0.14,Normal
M200826,Merchant 827,27230541754320,5732,BR,,,No,0.025,Normal
M200827,Merchant 828,18724817303223,5732,BR,,C102144,No,0.023,Normal
M200828,Merchant 829,34277746750829,6011,BR,,,Yes,0.105,High
M200829,Merchant 830,23674732717842,4111,BR,,,No,0.067,Normal
M200830,Merchant 831,14654971865470,4814,BR,,,No,0.085,Normal
M200831,Merchant 832,28681371962922,6051,BR,,,No,0.065,High
M200832,Merchant 833,96855145525550,5945,BR,,,No,0.033,Normal
M200833,Merchant 834,45792400770694,6011,BR,,C100182,Yes,0.199,High
M200834,Merchant 835,99545461317937,5732,BR,,,No,0.073,Normal
M200835,Merchant 836,1809779942560,4111,AE,,,No,0.004,Normal
M200836,Merchant 837,49248877744882,4900,BR,,C100275,No,0.031,Normal
M200837,Merchant 838,22663900530347,4829,BR,,,Yes,0.091,High
M200838,Merchant 839,95078416276186,4829,BR,,,No,0.045,High
M200839,Merchant 840,35270521093044,6051,BR,,,Yes,0.151,High
M200840,Merchant 841,59881545264022,4829,BR,,C100570,No,0.086,High
M200841,Merchant 842,49587159831034,4829,AE,,C101795,Yes,0.132,High
M200842,Merchant 843,82523220545339,4789,BR,,,No,0.034,Normal
M200843,Merchant 844,25905787513843,4814,BR,,C101893,No,0.076,Normal
M200844,Merchant 845,16457347986717,4900,BR,,,No,0.008,Normal
M200845,Merchant 846,37670474620240,4111,BR,,C101349,No,0.051,Normal
M200846,Merchant 847,94179987925810,4789,BR,,,No,0.034,Normal
M200847,Merchant 848,61629551642507,4789,ES,,C102316,No,0.06,Normal
M200848,Merchant 849,10047818642291,4111,PT,,C101714,No,0.041,Normal
M200849,Merchant 850,61828316627113,4111,DE,,C102184,No,0.027,Normal
M200850,Merchant 851,39514331220275,4814,BR,,,No,0.072,Normal
M200851,Merchant 852,13836959222702,4829,BR,,,No,0.093,High
M200852,Merchant 853,85448739153438,4814,BR,,C101315,No,0.011,Normal
M200853,Merchant 854,12890904176665,4111,BR,,C101436,No,0.075,Normal
M200854,Merchant 855,49635596276958,5999,BR,,,No,0.072,Normal
M200855,Merchant 856,98149902325988,5945,BR,,,No,0.029,Normal
M200856,Merchant 857,51994781813463,6011,FR,,,No,0.011,High
M200857,Merchant 858,14489230167024,5945,BR,,C100475,No,0.01,Normal
M200858,Merchant 859,41053141295861,6011,BR,,,Yes,0.114,High
M200859,Merchant 860,1750994399190,6211,BR,,,Yes,0.173,High
M200860,Merchant 861,68489748319476,7995,BR,,,Yes,0.104,High
M200861,Merchant 862,72974709489143,5945,BR,,,No,0.017,Normal
M200862,Merchant 863,50443393683241,4789,BR,,,No,0.062,Normal
M200863,Merchant 864,69962609598013,4814,BR,,,No,0.055,Normal
M200864,Merchant 865,4938298217381,4900,BR,,C101745,No,0.068,Normal
M200865,Merchant 866,9190019181714,6051,BR,,C101212,Yes,0.141,High
M200866,Merchant 867,96576295855977,4900,BR,,,No,0.049,Normal
M200867,Merchant 868,68631029818120,6211,BR,,,No,0.039,High
M200868,Merchant 869,14668667312458,5945,BR,,,No,0.036,Normal
M200869,Merchant 870,5094684444027,5999,BR,,,No,0.033,Normal
M200870,Merchant 871,22890244780202,4900,BR,,C101942,No,0.021,Normal
M200871,Merchant 872,90483564146369,5732,US,,C102347,No,0.109,Normal
M200872,Merchant 873,27293888611994,4814,BR,,C102033,No,0.016,Normal
M200873,Merchant 874,17175956215993,6051,BR,,C101275,Yes,0.158,High
M200874,Merchant 875,63813134521763,5411,BR,,C101928,No,0.061,Normal
M200875,Merchant 876,87687772070605,6051,BR,,C100756,Yes,0.108,High
M200876,Merchant 877,80444384646027,6051,BR,,,Yes,0.133,High
M200877,Merchant 878,77546442900234,4814,US,,C101344,No,0.047,Normal
M200878,Merchant 879,482525778255,5945,BR,,,No,0.172,Normal
M200879,Merchant 880,74074724016699,4900,BR,,,No,0.001,Normal
M200880,Merchant 881,77567542735037,5812,BR,,C102025,No,0.095,Normal
M200881,Merchant 882,21557043051469,5945,BR,,,No,0.014,Normal
M200882,Merchant 883,24952499955123,6211,BR,,C102110,Yes,0.088,High
M200883,Merchant 884,37093018008106,5732,BR,,,No,0.031,Normal
M200884,Merchant 885,74313392044922,6011,DE,,C100745,No,0.029,High
M200885,Merchant 886,32480311536577,4900,BR,,,No,0.033,Normal
M200886,Merchant 887,64383067037798,5945,BR,,,No,0.013,Normal
M200887,Merchant 888,1093779725874,4814,BR,,C101471,No,0.012,Normal
M200888,Merchant 889,74201602169507,4814,BR,,C100083,No,0.003,Normal
M200889,Merchant 890,35234744678985,5411,BR,,,No,0.031,Normal
M200890,Merchant 891,48512166557601,4111,BR,,,No,0.095,Normal
M200891,Merchant 892,83015731668776,7995,BR,,,Yes,0.152,High
M200892,Merchant 893,33929943804849,6211,FR,,,No,0.086,High
M200893,Merchant 894,57725588016614,4829,BR,,,No,0.058,High
M200894,Merchant 895,81472709672024,5812,US,,,No,0.021,Normal
M200895,Merchant 896,24085213714232,7995,BR,,,No,0.116,High
M200896,Merchant 897,58522006458313,4829,BR,,C100411,Yes,0.118,High
M200897,Merchant 898,17614837898399,5812,BR,,,No,0.044,Normal
M200898,Merchant 899,16377502881488,6211,BR,,,No,0.021,High
M200899,Merchant 900,48153241303179,5999,ES,,,No,0.005,Normal
M200900,Merchant 901,58370917385112,6011,BR,,C100639,No,0.02,High
M200901,Merchant 902,59034403800964,7995,BR,,C102171,Yes,0.151,High
M200902,Merchant 903,23992226503834,5732,AE,,,No,0.045,Normal
M200903,Merchant 904,87306639600299,6211,BR,,,Yes,0.184,High
M200904,Merchant 905,83006158359004,4789,BR,,,No,0.05,Normal
M200905,Merchant 906,4803044239756,4829,BR,,,Yes,0.088,High
M200906,Merchant 907,44333865323477,5812,BR,,,No,0.106,Normal
M200907,Merchant 908,16424176921496,4789,BR,,,No,0.05,Normal
M200908,Merchant 909,20218627043154,7995,BR,,,Yes,0.122,High
M200909,Merchant 910,46100882366967,4900,BR,,C101764,No,0.017,Normal
M200910,Merchant 911,54058095274260,4111,BR,,,No,0.008,Normal
M200911,Merchant 912,95849599507137,6211,BR,,,No,0.08,High
M200912,Merchant 913,37040539595744,4789,BR,,,No,0.032,Normal
M200913,Merchant 914,91949263078299,5411,CN,,,No,0.054,Normal
M200914,Merchant 915,86701722643654,7995,US,,,Yes,0.086,High
M200915,Merchant 916,84647989894590,6051,BR,,,Yes,0.101,High
M200916,Merchant 917,56212573648204,4900,BR,,C101319,No,0.039,Normal
M200917,Merchant 918,34944086211293,5999,BR,,,No,0.026,Normal
M200918,Merchant 919,53954631387080,5945,BR,,,No,0.133,Normal
M200919,Merchant 920,87069647066674,5812,BR,,,No,0.048,Normal
M200920,Merchant 921,98283970824641,4814,US,,,No,0.108,Normal
M200921,Merchant 922,26887620536531,4111,BR,,,No,0.055,Normal
M200922,Merchant 923,93928674589823,4900,BR,,,No,0.038,Normal
M200923,Merchant 924,60034909786789,5732,BR,,C101690,No,0.043,Normal
M200924,Merchant 925,21145666084172,5732,RU,,,No,0.08,Normal
M200925,Merchant 926,17147521452181,4814,BR,,,No,0.027,Normal
M200926,Merchant 927,83864074113751,5945,BR,,,No,0.039,Normal
M200927,Merchant 928,42098250732207,4814,BR,,,No,0.104,Normal
M200928,Merchant 929,24655655345592,7995,BR,,C101038,No,0.004,High
M200929,Merchant 930,70358750255814,4814,BR,,C100095,No,0.148,Normal
M200930,Merchant 931,55437675936658,4789,BR,,,No,0.025,Normal
M200931,Merchant 932,16579953910513,6011,BR,,C100224,Yes,0.106,High
M200932,Merchant 933,28884129688656,5732,BR,,,No,0.073,Normal
M200933,Merchant 934,33673418442300,5411,BR,,,No,0.086,Normal
M200934,Merchant 935,28608833507235,4111,BR,,C102444,No,0.033,Normal
M200935,Merchant 936,78092445522366,5732,BR,,C100102,No,0.009,Normal
M200936,Merchant 937,53543275422761,5945,BR,,,No,0.043,Normal
M200937,Merchant 938,13512557920077,5732,GB,,,No,0.038,Normal
M200938,Merchant 939,20414603089080,4111,BR,,C101374,No,0.04,Normal
M200939,Merchant 940,80737506420398,4111,DE,,,No,0.099,Normal
M200940,Merchant 941,9906835153038,6051,US,,,No,0.032,High
M200941,Merchant 942,42779867021029,4789,US,,,No,0.042,Normal
M200942,Merchant 943,43676128741898,4900,BR,,,No,0.048,Normal
M200943,Merchant 944,73881572551556,6011,BR,,,Yes,0.108,High
M200944,Merchant 945,21987772807358,6211,BR,,,No,0.028,High
M200945,Merchant 946,31191055668880,4111,DE,,,No,0.012,Normal
M200946,Merchant 947,81711036219136,6051,US,,C100154,Yes,0.106,High
M200947,Merchant 948,76933340106599,5945,BR,,C100641,No,0.045,Normal
M200948,Merchant 949,94622693530889,5945,BR,,,No,0.099,Normal
M200949,Merchant 950,78187531543314,4829,BR,,,No,0.052,High
M200950,Merchant 951,50287070416963,4829,BR,,,No,0.049,High
M200951,Merchant 952,75265274990862,5732,BR,,,No,0.038,Normal
M200952,Merchant 953,15209818142505,7995,BR,,,Yes,0.138,High
M200953,Merchant 954,92723839775297,6011,BR,,,Yes,0.138,High
M200954,Merchant 955,70402165368427,5812,BR,,C100176,No,0.032,Normal
M200955,Merchant 956,29604481234914,6011,BR,,,Yes,0.128,High
M200956,Merchant 957,63696139993028,5732,BR,,,No,0.012,Normal
M200957,Merchant 958,22569992949013,5732,PT,,,No,0.064,Normal
M200958,Merchant 959,27053456928643,5812,BR,,,No,0.154,Normal
M200959,Merchant 960,67050883082431,6011,BR,,,No,0.061,High
M200960,Merchant 961,1477903351168,5999,BR,,C100193,No,0.024,Normal
M200961,Merchant 962,97784793802451,5411,BR,,C101177,No,0.029,Normal
M200962,Merchant 963,2019859414684,5999,PT,,,No,0.04,Normal
M200963,Merchant 964,12443039772396,6011,AE,,,Yes,0.135,High
M200964,Merchant 965,9237479561046,5732,AF,,C101606,Yes,0.116,Normal
M200965,Merchant 966,80282241398248,4814,BR,,,No,0.008,Normal
M200966,Merchant 967,21260811191339,4900,BR,,C101376,No,0.017,Normal
M200967,Merchant 968,68465363901842,4789,BR,,,No,0.008,Normal
M200968,Merchant 969,62811926503265,5411,YE,,,No,0.061,Normal
M200969,Merchant 970,2790766675871,4111,BR,,,No,0.012,Normal
M200970,Merchant 971,1711444573239,4814,BR,,C101772,No,0.062,Normal
M200971,Merchant 972,38567409859019,7995,BR,,,Yes,0.092,High
M200972,Merchant 973,43166260056389,5411,RU,,,No,0.07,Normal
M200973,Merchant 974,26522504239497,4111,BR,,C101401,No,0.017,Normal
M200974,Merchant 975,14441546663810,4111,BR,,,No,0.031,Normal
M200975,Merchant 976,37947264957171,4789,BR,,C102276,No,0.009,Normal
M200976,Merchant 977,90135915140098,5732,DE,,C102355,No,0.036,Normal
M200977,Merchant 978,90376147349419,5999,BR,,,No,0.034,Normal
M200978,Merchant 979,74944075723270,4789,US,,,No,0.019,Normal
M200979,Merchant 980,38052693054584,5945,BR,,,No,0.057,Normal
M200980,Merchant 981,75713472626066,4111,BR,,,No,0.051,Normal
M200981,Merchant 982,26881182671883,7995,BR,,,No,0.061,High
M200982,Merchant 983,93728062294858,4111,AR,,,No,0.059,Normal
M200983,Merchant 984,87678289997174,5732,BR,,,No,0.018,Normal
M200984,Merchant 985,7843511257351,5999,PT,,C101765,No,0.023,Normal
M200985,Merchant 986,79345385375892,4789,BR,,,No,0.008,Normal
M200986,Merchant 987,77402618998831,5732,BR,,,No,0.066,Normal
M200987,Merchant 988,60550937679070,5945,BR,,C101879,No,0.085,Normal
M200988,Merchant 989,2564289550313,6051,BR,,C102221,No,0.015,High
M200989,Merchant 990,24320708514289,4900,BR,,,No,0.073,Normal
M200990,Merchant 991,4412958845270,6211,ES,,,No,0.043,High
M200991,Merchant 992,79242248990608,4789,FR,,C102271,No,0.035,Normal
M200992,Merchant 993,89965445430668,5945,BR,,C101460,No,0.038,Normal
M200993,Merchant 994,48414759685610,6051,DE,,C100943,No,0.011,High
M200994,Merchant 995,97741165775566,5812,PT,,,No,0.061,Normal
M200995,Merchant 996,12813908478796,5945,BR,,,No,0.059,Normal
M200996,Merchant 997,32730896472007,6051,BR,,,Yes,0.089,High
M200997,Merchant 998,59201115690806,4814,BR,,,No,0.012,Normal
M200998,Merchant 999,51957311197042,5999,BR,,C101147,No,0.038,Normal
M200999,Merchant 1000,10092073370415,6051,BR,,,No,0.006,High
